Customer_ID,Orders,Sales,Profit,Avg_Order_Value,Avg_Rating
C0857,11,530703.5,140817.74,48245.77272727273,4.0
C0098,4,445144.5,99075.41,111286.125,4.25
C1983,6,415927.5,102623.81999999999,69321.25,4.5
C3209,4,411922.0,95787.8,102980.5,4.5
C0792,6,405708.0,103045.33,67618.0,3.5
C0915,4,397184.5,89086.78,99296.125,4.25
C0494,4,391116.0,101263.81999999999,97779.0,4.5
C1537,5,383032.5,104524.25,76606.5,4.4
C0796,3,382585.5,97264.08,127528.5,4.333333333333333
C1307,7,379530.0,102721.54000000001,54218.57142857143,4.0
C2378,6,379425.0,94210.34,63237.5,4.166666666666667
C1251,10,375469.0,89890.34,37546.9,4.4
C1941,5,374819.5,86501.54999999999,74963.9,4.6
C2157,4,372049.0,92539.37,93012.25,4.25
C0961,6,368791.0,87895.09999999999,61465.166666666664,3.6666666666666665
C1102,4,356949.5,77789.16,89237.375,3.5
C0029,6,355263.0,93620.22,59210.5,4.0
C2563,6,353513.0,81063.95,58918.833333333336,4.166666666666667
C2399,5,352575.5,79120.45000000001,70515.1,4.4
C2864,7,349364.5,97422.93000000001,49909.21428571428,3.7142857142857144
C2409,4,343161.0,87701.53,85790.25,4.5
C1763,3,342027.0,87525.06,114009.0,3.6666666666666665
C1398,7,339893.5,82538.81,48556.21428571428,4.0
C2671,6,337992.0,78488.41,56332.0,4.166666666666667
C2483,6,336960.0,90653.45000000001,56160.0,4.0
C2527,4,330826.0,79423.59,82706.5,4.5
C1218,5,329341.0,79277.5,65868.2,4.4
C1764,3,328832.0,78218.98,109610.66666666667,4.0
C0558,5,321444.5,82847.55,64288.9,4.4
C3378,6,320765.0,80993.68,53460.833333333336,3.6666666666666665
C1999,4,316664.0,71238.17,79166.0,3.75
C2866,4,315341.0,74836.23999999999,78835.25,4.25
C0646,5,315247.5,77412.15,63049.5,3.8
C0570,4,315000.0,69327.27,78750.0,4.0
C2846,4,313476.5,78909.72,78369.125,4.0
C2646,5,308397.0,80292.64,61679.4,4.4
C1907,4,307393.0,71329.81999999999,76848.25,4.0
C3272,8,304925.0,71196.20999999999,38115.625,4.125
C1597,6,304059.0,78360.06,50676.5,4.666666666666667
C1631,6,303791.5,79091.32999999999,50631.916666666664,4.166666666666667
C0166,6,302266.5,69135.55,50377.75,4.666666666666667
C2290,5,300517.0,84065.1,60103.4,4.4
C1039,1,299700.0,84272.78,299700.0,5.0
C1543,5,298943.0,67538.99,59788.6,4.4
C1860,6,296876.0,67965.63,49479.333333333336,3.8333333333333335
C1523,4,296846.5,75697.26999999999,74211.625,4.25
C0302,5,296182.0,67893.96,59236.4,4.0
C1378,7,295779.5,68616.86,42254.21428571428,4.0
C1847,1,291700.0,64105.06,291700.0,5.0
C2207,3,291384.0,81724.12,97128.0,4.0
C1238,3,290090.5,61998.62,96696.83333333333,4.666666666666667
C2562,4,289616.0,70548.68,72404.0,4.5
C0524,4,288538.0,69528.46,72134.5,3.5
C0591,4,285969.0,61840.61,71492.25,4.5
C2881,5,285527.0,68323.81,57105.4,3.8
C0123,5,284194.5,78356.77,56838.9,4.0
C1249,4,284174.0,77606.07,71043.5,4.5
C0770,5,281418.0,80824.84000000001,56283.6,4.0
C3500,5,281060.5,61114.67,56212.1,4.8
C0185,2,280452.0,79978.1,140226.0,3.5
C0220,6,276592.5,64929.28,46098.75,4.166666666666667
C2422,4,274961.0,57514.36,68740.25,4.5
C2503,6,274053.5,72811.48999999999,45675.583333333336,3.8333333333333335
C0362,3,271681.5,71427.18,90560.5,3.6666666666666665
C2246,1,270945.0,55611.12,270945.0,5.0
C1046,3,269290.5,61877.66999999999,89763.5,3.6666666666666665
C0911,3,269252.5,61927.479999999996,89750.83333333333,3.6666666666666665
C1420,2,269224.0,74041.57999999999,134612.0,4.0
C0829,3,268631.0,72214.64,89543.66666666667,4.0
C0186,2,268335.0,70971.75,134167.5,4.5
C0059,5,267956.0,62013.63,53591.2,4.6
C2999,3,266827.0,60974.119999999995,88942.33333333333,3.3333333333333335
C2624,3,266645.5,66853.11,88881.83333333333,3.3333333333333335
C1749,6,266003.0,67197.67,44333.833333333336,4.333333333333333
C1866,5,261862.0,70627.95,52372.4,4.0
C2060,3,260385.0,57464.9,86795.0,4.0
C2492,5,259951.0,65614.97,51990.2,4.6
C0713,4,259637.0,67329.66,64909.25,4.0
C2454,3,259428.5,68325.36,86476.16666666667,4.0
C0003,4,259316.0,59840.5,64829.0,4.25
C2900,8,255143.0,72412.87,31892.875,4.375
C1068,4,255000.0,58634.51000000001,63750.0,4.25
C3211,6,254396.0,62776.48,42399.333333333336,4.166666666666667
C3130,5,253525.0,71791.54999999999,50705.0,3.6
C1354,4,252027.0,58820.15,63006.75,4.25
C0784,3,247758.5,61496.53,82586.16666666667,4.333333333333333
C0110,5,247240.0,62787.590000000004,49448.0,4.6
C1970,3,246528.0,67307.81,82176.0,4.0
C2333,5,246274.5,54524.28999999999,49254.9,4.6
C1834,5,244848.0,66295.7,48969.6,3.6
C1260,4,243686.0,64387.2,60921.5,4.25
C1600,5,243108.0,65367.83,48621.6,4.6
C0536,3,242133.0,53980.99,80711.0,3.3333333333333335
C2726,3,241454.5,54746.19,80484.83333333333,4.666666666666667
C1125,2,240630.0,68088.47,120315.0,4.5
C0101,2,240336.0,66971.33,120168.0,5.0
C3232,3,239950.5,54826.79,79983.5,4.333333333333333
C2165,6,236966.5,56958.96000000001,39494.416666666664,4.5
C0507,4,236739.0,60813.67,59184.75,4.0
C2776,4,236041.0,65479.35,59010.25,4.5
C3123,6,235426.0,57233.33,39237.666666666664,4.5
C3054,7,235025.0,61594.61,33575.0,4.428571428571429
C1427,2,234458.0,50387.31,117229.0,4.0
C0925,5,233605.0,58221.63,46721.0,4.4
C0980,2,233360.0,64266.41,116680.0,4.5
C1859,6,233328.5,65327.59,38888.083333333336,3.5
C2766,7,233198.0,65125.95,33314.0,4.285714285714286
C0769,8,232886.5,55278.8,29110.8125,4.0
C2837,5,231949.0,58982.38,46389.8,4.6
C3329,5,230799.0,53312.06999999999,46159.8,5.0
C3417,2,230661.0,58645.52,115330.5,5.0
C2149,2,230463.0,52677.81,115231.5,4.0
C0212,4,229846.5,67120.05,57461.625,4.5
C1656,8,228864.0,51901.72,28608.0,4.5
C0154,7,226129.0,58216.619999999995,32304.14285714286,3.4285714285714284
C2732,7,226027.5,57680.34,32289.64285714286,4.428571428571429
C3307,7,224874.5,63364.19,32124.928571428572,4.428571428571429
C3424,4,224716.0,55338.659999999996,56179.0,5.0
C1991,7,223418.5,57992.67999999999,31916.928571428572,4.428571428571429
C3029,4,223147.0,52696.67,55786.75,5.0
C0825,6,222700.0,61214.270000000004,37116.666666666664,3.5
C1277,6,222696.0,52306.82000000001,37116.0,4.666666666666667
C1641,5,222568.5,48159.81,44513.7,3.6
C1434,4,222189.5,57595.86,55547.375,4.25
C1894,5,221531.0,59176.65,44306.2,4.2
C2794,10,221011.5,61396.200000000004,22101.15,4.1
C2223,3,220998.0,61561.76,73666.0,3.0
C0056,4,220842.0,50380.69,55210.5,4.5
C0314,10,220653.0,56099.29,22065.3,4.1
C0052,5,220562.0,66987.42,44112.4,4.4
C3288,4,220478.5,57420.34,55119.625,4.0
C1486,2,220466.5,59987.700000000004,110233.25,4.0
C1521,3,219414.0,54978.119999999995,73138.0,3.3333333333333335
C1725,6,219227.0,54242.829999999994,36537.833333333336,3.6666666666666665
C1169,3,218826.0,51573.04,72942.0,4.666666666666667
C1956,4,216076.0,61957.29,54019.0,4.0
C2306,6,215262.5,50064.73,35877.083333333336,3.6666666666666665
C2408,5,213038.0,52126.350000000006,42607.6,4.4
C1553,4,212320.0,45322.12,53080.0,4.0
C2942,6,211395.5,52583.159999999996,35232.583333333336,4.333333333333333
C0334,5,210639.5,58693.05,42127.9,4.2
C1769,5,210274.0,56784.81,42054.8,4.0
C2474,7,210268.5,53022.030000000006,30038.35714285714,4.571428571428571
C1737,5,209384.5,49677.43,41876.9,4.4
C2317,2,209157.5,50258.11,104578.75,4.5
C0744,6,208470.0,52915.08,34745.0,4.666666666666667
C2361,5,208252.5,53349.79000000001,41650.5,3.8
C2004,2,208012.0,57147.21,104006.0,4.5
C2640,4,207896.0,56046.45,51974.0,4.25
C0231,6,207134.5,61410.810000000005,34522.416666666664,4.5
C0795,4,206918.0,54988.450000000004,51729.5,3.25
C2928,2,206600.0,48434.299999999996,103300.0,3.5
C1807,4,206353.0,43180.270000000004,51588.25,4.5
C3033,3,206342.0,53811.23,68780.66666666667,3.6666666666666665
C3480,2,205826.0,51691.25,102913.0,4.0
C1148,6,205185.0,54725.54,34197.5,4.0
C1252,4,205174.0,55040.98,51293.5,4.5
C3395,4,203512.5,52118.950000000004,50878.125,4.25
C2147,3,203135.0,48804.82,67711.66666666667,3.3333333333333335
C2513,5,202785.0,45612.38,40557.0,4.2
C2209,4,201733.5,48355.41,50433.375,3.75
C0451,5,201528.0,52820.42,40305.6,4.8
C3297,5,201460.5,51196.939999999995,40292.1,4.6
C2254,2,201143.5,48861.29,100571.75,3.5
C0758,3,201070.0,45346.600000000006,67023.33333333333,4.333333333333333
C0189,5,200937.0,48860.45,40187.4,4.2
C1139,4,200819.0,49677.46,50204.75,3.75
C1728,4,200707.5,53142.549999999996,50176.875,4.25
C0275,6,200236.0,52804.9,33372.666666666664,4.333333333333333
C0500,5,200036.5,47093.75,40007.3,4.0
C1429,2,199986.0,54408.47,99993.0,4.0
C2765,4,199105.0,44729.0,49776.25,4.25
C1567,5,198743.0,51376.16,39748.6,4.0
C0392,6,197969.0,53852.41,32994.833333333336,4.166666666666667
C0456,5,197897.0,50632.92,39579.4,4.2
C1054,5,197072.5,56684.670000000006,39414.5,4.6
C1323,5,196995.0,51512.1,39399.0,3.8
C0994,1,196928.0,40398.94,196928.0,3.0
C0224,5,196624.0,50720.03,39324.8,4.2
C1042,4,196551.0,55695.740000000005,49137.75,3.75
C2679,9,196330.0,57737.979999999996,21814.444444444445,4.222222222222222
C2114,2,195620.0,54484.1,97810.0,4.5
C2202,8,195519.0,54413.21,24439.875,3.75
C0576,6,195257.5,53808.38,32542.916666666668,4.5
C0513,3,194847.5,48156.869999999995,64949.166666666664,4.666666666666667
C2721,7,194382.0,50901.04,27768.85714285714,4.142857142857143
C1782,9,193826.0,50924.72,21536.222222222223,4.222222222222222
C2775,8,193659.0,56049.200000000004,24207.375,4.0
C1825,6,193535.0,55887.32,32255.833333333332,3.5
C1611,4,193373.5,55947.74,48343.375,4.25
C1416,6,191975.0,54496.75,31995.833333333332,4.166666666666667
C2287,3,191610.0,43655.25,63870.0,4.333333333333333
C1061,4,190934.0,49926.62,47733.5,4.75
C1964,3,190155.0,45801.36,63385.0,4.333333333333333
C3164,4,190116.0,48138.03999999999,47529.0,4.5
C2168,5,187861.5,46310.31,37572.3,4.2
C1250,4,187730.0,45916.240000000005,46932.5,4.25
C0195,3,187403.0,49276.81,62467.666666666664,4.0
C0560,5,187141.0,43076.86,37428.2,4.4
C1664,3,186340.0,45966.44,62113.333333333336,3.3333333333333335
C1639,5,186031.0,48702.560000000005,37206.2,4.0
C2455,3,185557.5,40778.68,61852.5,4.333333333333333
C2668,6,185437.0,52147.060000000005,30906.166666666668,4.5
C0264,5,185192.0,43923.99,37038.4,3.8
C2682,3,185040.0,44436.11,61680.0,4.333333333333333
C2451,6,185016.5,45682.11,30836.083333333332,3.5
C1893,4,184745.5,45954.06,46186.375,4.5
C2614,4,184434.0,48913.82000000001,46108.5,3.75
C0897,4,184205.0,41826.51,46051.25,4.0
C2582,3,182274.0,50290.26,60758.0,3.6666666666666665
C3427,4,181692.0,39239.89,45423.0,3.5
C2171,6,181413.0,44892.93,30235.5,4.166666666666667
C2051,5,180934.0,40543.5,36186.8,4.0
C1557,3,180883.0,48046.02,60294.333333333336,4.333333333333333
C3169,6,179991.0,47741.26,29998.5,4.166666666666667
C3186,8,179314.5,51881.45,22414.3125,3.625
C3282,5,179268.5,48757.18,35853.7,4.4
C2405,4,179241.0,50352.9,44810.25,4.0
C0775,4,179236.5,48958.33,44809.125,4.5
C0991,7,179204.5,50327.75,25600.64285714286,3.7142857142857144
C0441,3,178460.0,54169.880000000005,59486.666666666664,4.666666666666667
C0664,6,176799.5,47454.89,29466.583333333332,4.5
C2026,3,176436.0,43110.11,58812.0,4.333333333333333
C1430,3,176390.0,45380.78,58796.666666666664,4.0
C1465,7,176387.5,47906.07,25198.214285714286,4.0
C3032,4,176256.5,42745.43,44064.125,4.75
C1296,4,176190.0,43733.56,44047.5,4.5
C1492,6,175785.5,45797.78,29297.583333333332,4.5
C3458,3,175540.5,46946.71,58513.5,4.0
C3352,3,175427.0,39140.3,58475.666666666664,4.333333333333333
C0899,8,174945.0,42613.450000000004,21868.125,4.25
C0400,5,174789.0,47365.490000000005,34957.8,4.0
C0306,4,174744.0,43352.01,43686.0,4.25
C1224,3,174540.0,37124.009999999995,58180.0,4.333333333333333
C0727,4,174211.0,46142.21,43552.75,4.25
C2968,2,173837.0,42991.39,86918.5,5.0
C3456,4,173484.0,38707.71,43371.0,4.25
C0125,1,171883.5,39942.2,171883.5,4.0
C1799,5,171851.0,46652.93,34370.2,4.4
C2506,3,171846.0,38780.43,57282.0,4.0
C2792,4,171726.0,43426.69,42931.5,4.25
C1540,1,171270.0,37874.56,171270.0,4.0
C1311,4,171120.0,45586.61,42780.0,4.75
C0206,5,171112.0,46691.810000000005,34222.4,4.0
C2570,3,170859.0,46082.450000000004,56953.0,4.333333333333333
C0223,3,170760.0,39716.68,56920.0,4.666666666666667
C0669,2,170538.0,40661.45,85269.0,4.0
C1642,5,170448.0,43353.52,34089.6,4.6
C2853,1,169546.5,41711.96,169546.5,4.0
C0527,8,169312.5,42311.93,21164.0625,4.0
C2594,3,169122.0,46515.880000000005,56374.0,3.3333333333333335
C2768,2,168556.0,42171.159999999996,84278.0,4.0
C0404,5,167787.0,42174.92,33557.4,4.0
C2872,5,167784.5,43788.05,33556.9,4.4
C1870,6,167548.5,45026.58,27924.75,4.333333333333333
C0330,5,166962.0,42840.99,33392.4,4.4
C2954,3,166950.0,47927.369999999995,55650.0,4.666666666666667
C2338,4,166390.0,37169.770000000004,41597.5,4.5
C2299,5,166320.0,39750.51,33264.0,4.0
C1012,4,166132.0,48575.88,41533.0,3.75
C0158,5,165944.0,41418.58,33188.8,3.8
C1692,4,165386.0,40297.24,41346.5,4.0
C0304,6,165175.0,50206.09,27529.166666666668,4.0
C0714,4,165014.5,39241.37,41253.625,4.25
C3392,5,164463.5,38252.36,32892.7,4.2
C3448,4,163403.5,38098.94,40850.875,3.5
C1751,4,163116.0,39208.87,40779.0,4.5
C1272,6,162808.0,45451.33,27134.666666666668,4.333333333333333
C0272,5,162592.0,47629.47,32518.4,4.0
C2291,1,162510.0,44817.98,162510.0,5.0
C2817,1,162060.0,45428.04,162060.0,5.0
C2126,3,161671.5,35853.030000000006,53890.5,2.6666666666666665
C2929,2,160720.0,44125.31,80360.0,3.5
C2687,3,160341.0,43456.38,53447.0,3.6666666666666665
C2210,2,159918.0,35775.7,79959.0,4.5
C0192,3,159679.0,46385.78,53226.333333333336,3.0
C3393,4,159638.0,39254.29,39909.5,4.75
C0658,5,159487.5,39236.409999999996,31897.5,4.6
C2710,4,159413.0,45562.96,39853.25,4.5
C0592,5,159044.0,42287.57000000001,31808.8,4.4
C2862,2,158900.0,42708.91,79450.0,4.0
C3031,2,157970.0,37047.69,78985.0,4.0
C1414,5,156935.5,35983.88,31387.1,4.4
C2396,2,156580.0,45326.97,78290.0,4.5
C2375,3,156208.5,40558.369999999995,52069.5,3.6666666666666665
C1922,6,156124.5,39123.42,26020.75,4.0
C1268,3,156072.5,37319.509999999995,52024.166666666664,4.0
C1052,4,156071.5,37669.329999999994,39017.875,4.75
C0135,8,155925.0,39332.46,19490.625,4.125
C2321,5,155427.5,44946.48,31085.5,3.6
C0928,4,155317.5,39303.29,38829.375,4.75
C1578,8,154880.0,44288.34,19360.0,4.0
C0874,5,154830.0,44275.9,30966.0,3.0
C2485,1,153981.0,31442.59,153981.0,5.0
C2632,4,153851.0,42000.82,38462.75,4.25
C3252,4,153721.5,38704.72,38430.375,4.0
C0202,3,153045.0,40262.68,51015.0,3.6666666666666665
C2819,5,152660.0,39059.78,30532.0,4.2
C0035,3,152453.0,35473.73,50817.666666666664,4.333333333333333
C2112,10,152261.0,36650.07,15226.1,3.7
C2692,4,152204.0,40542.14,38051.0,4.25
C0622,5,152009.5,36126.08,30401.9,4.0
C3327,4,151680.0,40583.0,37920.0,4.75
C2308,6,151663.0,41899.06,25277.166666666668,4.0
C2555,5,151338.5,32829.24,30267.7,3.4
C1940,3,151073.0,37842.41,50357.666666666664,3.6666666666666665
C2315,4,150932.0,33001.83,37733.0,4.5
C2915,6,150882.0,40116.21,25147.0,3.8333333333333335
C0648,3,150797.0,40199.21,50265.666666666664,4.0
C1995,6,150550.5,40641.520000000004,25091.75,4.166666666666667
C1191,5,150382.0,40099.19,30076.4,4.2
C2043,7,150130.5,38832.270000000004,21447.214285714286,4.428571428571429
C2957,4,149986.0,37992.66,37496.5,3.75
C0540,9,149820.0,40198.23,16646.666666666668,4.222222222222222
C1199,4,149702.5,38570.97,37425.625,3.75
C1655,3,149622.0,43736.59,49874.0,3.6666666666666665
C1507,5,149569.0,41420.75,29913.8,4.6
C0802,4,149530.0,35306.29,37382.5,4.75
C1370,4,149302.5,34598.97,37325.625,4.25
C0335,4,149246.0,37275.75,37311.5,3.75
C3228,2,149124.0,31844.8,74562.0,3.5
C0113,3,148908.0,35728.29,49636.0,4.666666666666667
C2927,6,148881.0,41019.29,24813.5,4.333333333333333
C1953,6,148183.5,39657.35,24697.25,4.666666666666667
C2340,5,147712.5,38914.34,29542.5,4.4
C2517,6,147432.5,41793.479999999996,24572.083333333332,4.333333333333333
C1547,5,147395.0,36384.95,29479.0,3.6
C3057,5,147311.0,44259.52,29462.2,4.2
C3373,5,147235.0,39969.88,29447.0,4.0
C0242,3,147020.0,39446.28,49006.666666666664,5.0
C2414,8,146958.0,36491.94,18369.75,4.0
C2972,2,146481.0,30987.34,73240.5,3.0
C1502,4,145985.0,40273.34,36496.25,4.25
C3070,4,145776.5,36935.67,36444.125,5.0
C3277,9,145691.5,43662.44,16187.944444444445,4.333333333333333
C2541,3,145272.0,41788.17,48424.0,4.0
C3105,2,145075.5,42158.94,72537.75,5.0
C3413,5,145032.0,35977.75,29006.4,4.2
C0623,5,144481.0,39413.93,28896.2,3.6
C3371,4,144411.5,35716.310000000005,36102.875,4.25
C2997,4,144149.5,37758.1,36037.375,4.75
C1974,4,144049.5,39513.869999999995,36012.375,4.25
C3184,4,143950.5,36652.59,35987.625,4.25
C3335,8,143711.0,42812.56,17963.875,3.75
C1885,5,143112.0,33765.89,28622.4,4.0
C1494,2,142400.0,33915.72,71200.0,3.5
C0370,4,141990.5,37262.02,35497.625,4.5
C0247,2,141866.0,37662.64000000001,70933.0,4.5
C2072,5,141701.5,36062.84,28340.3,4.2
C0657,5,141289.5,37768.159999999996,28257.9,4.2
C2715,6,141193.0,39007.76,23532.166666666668,4.0
C1273,3,141058.0,34787.77,47019.333333333336,3.6666666666666665
C1245,4,140936.5,37215.94,35234.125,4.5
C1120,4,140804.0,40368.12,35201.0,3.75
C0091,5,140463.0,36402.409999999996,28092.6,4.0
C1536,3,140352.0,37900.630000000005,46784.0,4.0
C2096,5,140021.5,39407.89,28004.3,4.2
C1147,3,139996.5,33977.29,46665.5,4.666666666666667
C1084,7,139873.5,37312.88,19981.928571428572,4.0
C1380,6,139872.5,35803.46,23312.083333333332,4.0
C3182,9,139678.0,35685.35,15519.777777777777,4.111111111111111
C0582,7,139578.5,40596.9,19939.785714285714,4.285714285714286
C2683,3,139233.0,32493.5,46411.0,4.666666666666667
C1326,4,139102.0,33896.78,34775.5,4.25
C1364,3,138592.0,38239.21,46197.333333333336,4.333333333333333
C1164,1,138213.0,36378.42,138213.0,5.0
C2913,2,138060.0,37227.850000000006,69030.0,3.5
C0549,7,138016.5,39669.29,19716.64285714286,4.142857142857143
C0959,5,137957.0,36018.03,27591.4,4.2
C3499,2,137878.0,35689.34,68939.0,3.5
C3139,6,137816.5,35896.159999999996,22969.416666666668,4.0
C0855,5,137472.5,33335.54,27494.5,4.2
C3112,3,137319.0,38134.05,45773.0,4.666666666666667
C0354,4,137079.0,30442.579999999998,34269.75,4.5
C2549,2,136760.0,32359.9,68380.0,4.5
C0942,2,136445.5,32387.3,68222.75,3.5
C0983,8,136427.0,42449.32,17053.375,3.5
C3097,3,136336.0,32702.8,45445.333333333336,3.6666666666666665
C2931,1,136297.5,32051.87,136297.5,5.0
C3475,2,136258.0,32163.46,68129.0,4.5
C1630,8,136236.0,38746.06,17029.5,3.75
C0815,3,135920.0,34835.98,45306.666666666664,3.6666666666666665
C0878,4,135448.0,28095.76,33862.0,3.25
C1804,6,135400.5,34588.37,22566.75,4.166666666666667
C0931,5,135026.0,32576.050000000003,27005.2,4.2
C1308,5,135023.0,33655.799999999996,27004.6,4.4
C3482,4,134471.0,41758.85,33617.75,3.75
C2036,4,134394.0,30165.690000000002,33598.5,4.25
C2515,7,134285.0,33915.7,19183.571428571428,4.857142857142857
C2277,4,133722.0,31814.670000000002,33430.5,3.5
C1274,8,133662.5,34560.49,16707.8125,3.875
C1854,8,133418.0,39800.85,16677.25,4.75
C3306,6,133077.0,32654.309999999998,22179.5,4.333333333333333
C1097,4,133028.0,34346.64,33257.0,4.5
C3132,7,132457.0,35064.87,18922.428571428572,4.285714285714286
C2033,8,132256.5,34714.84,16532.0625,3.75
C2032,3,132221.5,31713.559999999998,44073.833333333336,4.333333333333333
C0013,6,132126.5,32223.94,22021.083333333332,3.5
C0749,4,132126.0,37007.12,33031.5,4.25
C2500,3,131148.5,32292.21,43716.166666666664,4.0
C0506,2,131020.0,33998.32,65510.0,3.5
C2082,3,130939.5,29690.72,43646.5,4.666666666666667
C2152,6,130915.5,35576.57,21819.25,4.166666666666667
C0556,5,130664.0,33851.14000000001,26132.8,4.4
C0844,7,130643.5,32101.4,18663.35714285714,4.142857142857143
C1942,7,130341.0,35006.59,18620.14285714286,4.142857142857143
C0702,5,130224.0,34964.43,26044.8,4.6
C1895,3,130122.0,35483.9,43374.0,4.333333333333333
C0708,5,129723.0,29479.68,25944.6,3.6
C1449,6,129626.0,36352.240000000005,21604.333333333332,4.0
C2404,6,129394.0,36699.549999999996,21565.666666666668,4.166666666666667
C1900,3,129251.0,30006.0,43083.666666666664,4.0
C0037,6,129244.5,33168.700000000004,21540.75,4.5
C1165,4,129190.5,35823.159999999996,32297.625,4.25
C0243,5,128956.0,36385.19,25791.2,4.0
C1436,4,128883.5,30776.54,32220.875,4.25
C3281,4,128737.0,30979.870000000003,32184.25,4.25
C3256,5,128625.0,36077.14,25725.0,4.0
C2199,4,128372.5,31124.440000000002,32093.125,4.75
C3243,7,127977.5,35326.979999999996,18282.5,4.142857142857143
C1759,3,127730.0,27968.530000000002,42576.666666666664,4.333333333333333
C0908,5,127388.0,32079.43,25477.6,3.6
C2347,5,127386.0,30200.65,25477.2,4.0
C2597,3,127356.0,33790.82,42452.0,3.6666666666666665
C0777,5,126968.0,36039.2,25393.6,4.4
C2830,4,126791.0,33847.1,31697.75,3.25
C1820,3,126566.0,27650.57,42188.666666666664,3.3333333333333335
C3056,3,126429.5,33039.159999999996,42143.166666666664,4.0
C0416,7,126185.5,36182.44,18026.5,4.285714285714286
C0381,3,126029.0,30293.85,42009.666666666664,3.6666666666666665
C3234,7,126023.0,30907.269999999997,18003.285714285714,4.285714285714286
C0292,6,125825.5,30472.93,20970.916666666668,4.0
C1382,6,125813.0,36653.81,20968.833333333332,4.0
C3450,8,125577.0,34845.95,15697.125,4.375
C3066,3,125309.0,29154.38,41769.666666666664,3.6666666666666665
C3061,5,125099.5,30035.5,25019.9,3.8
C1618,3,124934.5,32016.670000000002,41644.833333333336,4.0
C2078,3,124807.5,33617.53,41602.5,4.0
C1141,3,124768.0,29708.589999999997,41589.333333333336,3.6666666666666665
C2977,4,124287.0,34326.23,31071.75,4.25
C0884,5,124218.0,34523.01,24843.6,4.2
C0968,3,124079.0,33300.32,41359.666666666664,4.333333333333333
C1337,4,124050.5,34873.97,31012.625,4.5
C1287,4,124019.0,32098.16,31004.75,4.75
C2257,5,124018.5,37044.1,24803.7,4.0
C0951,8,123955.5,37600.159999999996,15494.4375,4.125
C1671,4,123945.0,34982.54,30986.25,4.25
C1025,6,123681.5,29912.399999999998,20613.583333333332,4.5
C0379,4,123416.5,31009.04,30854.125,4.0
C1488,5,123391.5,37824.59,24678.3,4.0
C0105,2,123124.0,35041.36,61562.0,4.0
C3142,6,121868.5,28139.56,20311.416666666668,4.333333333333333
C0089,5,121764.5,27709.35,24352.9,3.6
C2276,6,121674.0,29973.79,20279.0,4.5
C3442,3,121669.5,30270.87,40556.5,3.6666666666666665
C0217,3,121527.0,30545.07,40509.0,4.333333333333333
C2111,3,121485.0,28310.94,40495.0,4.333333333333333
C0732,7,121463.5,26931.249999999996,17351.928571428572,4.142857142857143
C2184,3,121334.5,34835.93,40444.833333333336,4.0
C1177,4,121088.0,31228.780000000002,30272.0,4.75
C2543,5,120688.0,27952.55,24137.6,4.4
C0092,3,120686.0,34397.479999999996,40228.666666666664,4.0
C0448,6,120609.0,35154.6,20101.5,3.6666666666666665
C2548,7,120597.0,37114.8,17228.14285714286,3.7142857142857144
C1055,3,120480.0,28412.99,40160.0,3.6666666666666665
C2978,1,120420.0,28180.22,120420.0,5.0
C3190,3,120416.5,33275.380000000005,40138.833333333336,4.666666666666667
C2886,4,120214.0,27980.379999999997,30053.5,4.75
C3076,5,120130.0,27224.04,24026.0,3.2
C3127,3,120040.0,28676.809999999998,40013.333333333336,4.333333333333333
C1076,6,120000.5,34420.56,20000.083333333332,4.333333333333333
C2510,8,119963.0,31206.559999999998,14995.375,4.0
C1423,6,119744.0,33610.35,19957.333333333332,4.0
C0748,8,119721.0,38151.88,14965.125,4.5
C3351,4,119501.0,34403.54,29875.25,4.5
C0485,3,119392.0,29325.82,39797.333333333336,4.666666666666667
C0295,3,119357.0,27570.600000000002,39785.666666666664,5.0
C1583,7,119265.0,33963.86,17037.85714285714,4.0
C0761,5,119205.0,35319.94,23841.0,4.8
C0593,8,119117.5,35379.31,14889.6875,3.5
C0673,3,119111.0,32043.809999999998,39703.666666666664,4.0
C2684,6,119053.0,38925.91,19842.166666666668,4.333333333333333
C1851,2,118932.0,28679.5,59466.0,4.5
C2088,2,118902.0,31005.04,59451.0,4.0
C2010,4,118756.0,28828.29,29689.0,4.0
C1526,4,118756.0,26016.32,29689.0,4.25
C2098,7,118686.0,29496.22,16955.14285714286,4.142857142857143
C2255,4,118621.0,32271.82,29655.25,4.25
C0240,4,118563.5,30711.14,29640.875,4.0
C1512,8,118271.5,33271.66,14783.9375,3.875
C1195,8,118057.5,31107.43,14757.1875,4.5
C2266,3,118036.5,24734.93,39345.5,4.0
C1219,4,117930.0,33744.36,29482.5,4.25
C1718,4,117680.5,30257.71,29420.125,4.75
C3387,5,117548.5,31559.14,23509.7,4.2
C2829,5,117456.0,27371.27,23491.2,4.0
C3498,2,117284.0,33292.19,58642.0,4.5
C0933,2,117256.0,31271.18,58628.0,4.5
C2348,3,117167.0,29669.600000000002,39055.666666666664,4.0
C0668,3,116966.0,30855.329999999998,38988.666666666664,3.3333333333333335
C2212,7,116740.5,32109.92,16677.214285714286,4.571428571428571
C1204,3,116724.0,28379.02,38908.0,3.6666666666666665
C3344,4,116578.5,31148.55,29144.625,4.0
C3240,4,116520.0,24551.08,29130.0,3.75
C0538,5,116496.0,28773.04,23299.2,3.8
C2875,3,116152.0,30318.590000000004,38717.333333333336,4.0
C3102,3,115584.0,27145.77,38528.0,5.0
C2956,2,115580.0,30675.13,57790.0,4.5
C3431,9,115327.0,32794.82,12814.111111111111,4.333333333333333
C2728,6,115183.0,29120.32,19197.166666666668,4.333333333333333
C2410,4,115130.0,29264.38,28782.5,4.0
C3222,5,115109.0,28555.53,23021.8,3.6
C2476,5,115070.0,29388.22,23014.0,4.2
C0241,5,114916.0,30711.230000000003,22983.2,4.6
C2701,3,114754.0,31564.89,38251.333333333336,4.666666666666667
C2547,3,114680.0,24777.949999999997,38226.666666666664,3.6666666666666665
C2282,3,114571.5,28040.61,38190.5,4.666666666666667
C1966,1,113920.0,26976.74,113920.0,2.0
C1623,4,113910.0,26602.54,28477.5,4.0
C3055,6,113711.5,28491.85,18951.916666666668,4.166666666666667
C0067,7,113572.5,35344.53,16224.642857142857,4.142857142857143
C0922,4,113426.0,26840.66,28356.5,3.75
C2167,1,113392.0,25746.26,113392.0,5.0
C3337,3,113332.0,29859.730000000003,37777.333333333336,4.0
C2916,4,113256.5,32495.07,28314.125,4.25
C2762,4,113122.0,31446.24,28280.5,3.25
C3385,3,112910.0,27770.09,37636.666666666664,4.0
C2009,7,112907.0,27941.350000000002,16129.57142857143,4.428571428571429
C1422,4,112789.0,25041.52,28197.25,4.25
C1938,3,112541.5,24570.21,37513.833333333336,4.0
C2868,2,112332.5,27575.22,56166.25,4.0
C3460,5,112259.0,35026.2,22451.8,4.6
C0955,6,112228.0,32115.53,18704.666666666668,4.666666666666667
C0310,2,112209.0,28405.789999999997,56104.5,4.5
C2449,1,112119.0,29523.87,112119.0,3.0
C1793,4,111939.0,24940.300000000003,27984.75,4.5
C1089,2,111928.0,23174.350000000002,55964.0,4.0
C0771,5,111535.0,27285.85,22307.0,4.0
C0173,4,111502.5,28098.36,27875.625,4.25
C3028,5,111459.0,28159.32,22291.8,4.6
C2681,5,111456.0,30183.16,22291.2,4.4
C0141,5,110935.0,31465.89,22187.0,3.6
C0353,5,110932.5,25624.04,22186.5,3.6
C2607,3,110652.0,23188.920000000002,36884.0,4.666666666666667
C2816,5,110591.0,32536.969999999998,22118.2,4.0
C3171,2,110459.0,26170.440000000002,55229.5,4.0
C2216,6,110277.0,28595.350000000002,18379.5,4.0
C0597,3,110001.5,31072.75,36667.166666666664,5.0
C0986,3,109916.0,29067.300000000003,36638.666666666664,4.333333333333333
C2992,5,109886.0,28567.18,21977.2,4.0
C0813,6,109836.0,32476.34,18306.0,3.3333333333333335
C0820,3,109808.0,32452.67,36602.666666666664,4.333333333333333
C2985,4,109806.0,31916.719999999998,27451.5,3.75
C0704,6,109625.5,36427.770000000004,18270.916666666668,3.8333333333333335
C3342,2,109404.0,30947.29,54702.0,5.0
C2076,6,109394.5,29589.97,18232.416666666668,4.333333333333333
C2745,2,109330.0,25223.32,54665.0,4.5
C0966,1,109288.0,26961.93,109288.0,4.0
C1059,6,109274.0,31422.129999999997,18212.333333333332,4.5
C1659,2,109120.0,28924.25,54560.0,3.5
C1069,3,108942.0,30665.4,36314.0,4.0
C1476,3,108870.0,31474.88,36290.0,4.333333333333333
C1541,3,108500.0,25019.530000000002,36166.666666666664,5.0
C1122,4,108454.0,32052.15,27113.5,4.25
C1455,6,108416.0,30600.29,18069.333333333332,4.333333333333333
C2331,1,108360.0,22516.31,108360.0,5.0
C2091,2,108186.0,23080.49,54093.0,4.0
C2339,1,108167.0,22105.72,108167.0,5.0
C2795,2,107934.0,30350.850000000002,53967.0,4.0
C2895,2,107900.0,29305.329999999998,53950.0,5.0
C1015,3,107891.5,31020.75,35963.833333333336,3.0
C1596,2,107700.0,26897.010000000002,53850.0,3.0
C2075,3,107512.0,25305.07,35837.333333333336,5.0
C0827,2,107472.0,25042.07,53736.0,4.5
C3253,7,107366.0,29830.32,15338.0,3.857142857142857
C2215,4,107147.0,26865.26,26786.75,3.25
C0305,5,107080.5,30521.87,21416.1,4.0
C3168,6,107078.0,28389.03,17846.333333333332,4.0
C0060,2,107074.0,24965.09,53537.0,4.5
C3339,6,106987.5,27285.350000000002,17831.25,3.8333333333333335
C2880,5,106942.5,25758.590000000004,21388.5,3.6
C3316,7,106790.0,26525.02,15255.714285714286,4.0
C1313,3,106741.0,25794.21,35580.333333333336,4.0
C0811,4,106697.5,24798.01,26674.375,4.75
C2757,3,106580.0,27920.36,35526.666666666664,4.0
C2755,5,106537.0,30130.7,21307.4,3.8
C3400,5,106536.0,26145.2,21307.2,3.8
C1056,5,106531.0,27382.52,21306.2,4.2
C2867,4,106508.0,30380.940000000002,26627.0,3.75
C1418,3,106497.0,29662.039999999997,35499.0,4.333333333333333
C0873,5,106433.5,28547.71,21286.7,4.2
C0229,1,106398.0,27766.43,106398.0,4.0
C2200,3,106253.5,25955.04,35417.833333333336,4.0
C2332,2,106090.0,26267.71,53045.0,5.0
C1586,2,106030.0,27279.59,53015.0,4.0
C1182,2,105944.0,26100.63,52972.0,2.0
C1017,4,105912.0,31022.18,26478.0,4.0
C1234,2,105840.0,28854.63,52920.0,3.0
C0268,3,105545.0,22336.68,35181.666666666664,4.333333333333333
C2641,5,105374.0,26193.5,21074.8,4.0
C0307,3,104959.5,26623.82,34986.5,4.0
C0676,2,104937.0,25046.449999999997,52468.5,3.0
C0488,1,104920.0,23686.18,104920.0,5.0
C3430,2,104840.0,26975.39,52420.0,5.0
C1034,6,104812.5,31466.32,17468.75,3.5
C0831,4,104558.5,31868.29,26139.625,4.25
C2752,3,104523.0,26550.97,34841.0,4.666666666666667
C3025,5,104028.0,36747.83,20805.6,4.8
C2851,2,103842.5,29752.21,51921.25,3.5
C0109,4,103340.0,26670.8,25835.0,3.75
C1775,6,103125.0,27885.78,17187.5,4.166666666666667
C1672,1,103037.0,25246.6,103037.0,5.0
C1661,3,102752.0,24460.620000000003,34250.666666666664,4.666666666666667
C1658,3,102711.0,23091.93,34237.0,4.333333333333333
C1451,7,102446.5,27183.019999999997,14635.214285714286,4.285714285714286
C0095,8,102356.5,25131.239999999998,12794.5625,4.0
C0641,6,102239.0,23249.71,17039.833333333332,4.0
C3422,5,102138.5,26185.12,20427.7,4.2
C0610,6,102049.0,32275.36,17008.166666666668,4.5
C1740,3,101948.0,25983.15,33982.666666666664,4.333333333333333
C0161,3,101827.0,26110.21,33942.333333333336,3.3333333333333335
C1171,3,101660.5,23849.43,33886.833333333336,4.333333333333333
C0865,3,101601.5,27648.030000000002,33867.166666666664,3.0
C3402,7,101597.0,29017.73,14513.857142857143,4.0
C0020,3,101501.0,24008.780000000002,33833.666666666664,4.333333333333333
C3116,6,101458.0,25887.09,16909.666666666668,4.0
C3166,6,101233.0,29898.02,16872.166666666668,4.0
C0405,4,100916.0,26678.02,25229.0,4.25
C3319,5,100887.5,27337.579999999998,20177.5,3.4
C1003,3,100512.5,28212.97,33504.166666666664,4.333333333333333
C2941,6,100068.0,26138.199999999997,16678.0,4.5
C0973,5,100006.0,27485.55,20001.2,4.8
C1500,5,99998.0,26535.260000000002,19999.6,4.0
C2093,7,99990.0,29550.73,14284.285714285714,4.428571428571429
C1040,7,99912.5,28414.37,14273.214285714286,4.142857142857143
C2301,8,99778.5,29521.949999999997,12472.3125,4.25
C1266,1,99750.0,21999.83,99750.0,3.0
C2213,5,99685.0,30956.87,19937.0,4.4
C2265,1,99640.0,25554.76,99640.0,4.0
C0975,4,99272.0,21892.87,24818.0,4.25
C2473,6,99228.5,26641.760000000002,16538.083333333332,4.833333333333333
C0356,6,99219.5,31644.420000000002,16536.583333333332,4.333333333333333
C1031,3,99131.0,26510.76,33043.666666666664,4.666666666666667
C0127,3,99126.0,24496.11,33042.0,5.0
C2119,3,99111.0,27216.100000000002,33037.0,4.0
C3484,6,99066.0,29836.01,16511.0,4.333333333333333
C2047,6,98982.0,30444.83,16497.0,4.166666666666667
C2438,4,98954.5,28450.969999999998,24738.625,4.25
C2974,2,98847.0,22162.28,49423.5,5.0
C1519,4,98725.5,29454.96,24681.375,3.5
C2380,5,98719.5,27270.64,19743.9,3.6
C0879,6,98612.5,29377.94,16435.416666666668,3.8333333333333335
C0086,4,98575.0,30285.18,24643.75,5.0
C1805,4,98506.5,28773.44,24626.625,4.0
C3200,7,98463.0,27685.28,14066.142857142857,3.857142857142857
C0595,3,98202.0,22726.53,32734.0,3.3333333333333335
C0537,4,98006.0,23443.680000000004,24501.5,3.75
C0438,2,97970.0,24849.36,48985.0,4.5
C1677,5,97941.0,24671.87,19588.2,4.0
C3035,6,97909.0,26110.81,16318.166666666666,4.166666666666667
C2252,6,97757.5,25576.47,16292.916666666666,4.666666666666667
C3473,4,97677.0,25701.260000000002,24419.25,4.75
C0917,4,97545.5,26455.76,24386.375,4.0
C1209,4,97492.0,23762.35,24373.0,5.0
C0509,5,97303.5,23907.440000000002,19460.7,4.4
C3411,3,97244.0,22301.72,32414.666666666668,4.0
C1011,5,97083.0,26100.75,19416.6,4.4
C2362,2,97045.0,23306.32,48522.5,4.0
C1075,5,96994.5,26272.850000000002,19398.9,4.4
C3133,4,96918.0,28109.78,24229.5,4.25
C2501,2,96896.0,21875.089999999997,48448.0,4.5
C0572,5,96873.5,23413.98,19374.7,4.4
C3370,2,96860.0,21321.78,48430.0,4.0
C0251,6,96705.0,25821.99,16117.5,4.166666666666667
C2840,4,96604.5,25574.22,24151.125,4.5
C1886,3,96426.5,22280.0,32142.166666666668,4.333333333333333
C0687,10,96394.0,31740.71,9639.4,4.2
C0388,1,96186.0,21528.68,96186.0,5.0
C0681,2,95982.0,26836.16,47991.0,4.5
C1293,3,95906.0,23880.059999999998,31968.666666666668,4.0
C2322,1,95836.0,21953.64,95836.0,4.0
C1172,3,95794.5,23441.32,31931.5,4.666666666666667
C0312,2,95310.0,22122.42,47655.0,3.0
C1014,5,95270.0,26403.54,19054.0,4.6
C1830,4,95139.0,30068.98,23784.75,4.25
C1657,1,94886.0,26061.78,94886.0,5.0
C1617,2,94736.0,19337.93,47368.0,5.0
C3236,4,94295.0,21027.64,23573.75,4.25
C3330,9,93835.5,23708.92,10426.166666666666,3.6666666666666665
C1525,7,93683.5,26475.670000000002,13383.357142857143,4.142857142857143
C1475,5,93642.0,28372.42,18728.4,4.2
C0235,7,93433.5,21034.159999999996,13347.642857142857,4.142857142857143
C0717,5,93318.0,27128.06,18663.6,3.6
C0821,5,93212.0,24828.91,18642.4,3.4
C0530,5,93209.0,26368.44,18641.8,4.6
C1029,4,92990.0,27147.809999999998,23247.5,4.5
C3197,7,92759.5,24223.47,13251.357142857143,3.7142857142857144
C0068,2,92656.0,19605.32,46328.0,4.5
C1045,4,92554.0,26192.309999999998,23138.5,3.75
C1576,2,92457.0,22886.34,46228.5,4.0
C0902,3,92423.0,21340.16,30807.666666666668,4.333333333333333
C0896,4,92339.0,21040.670000000002,23084.75,4.5
C2431,7,92312.0,27631.059999999998,13187.42857142857,4.0
C1006,6,92311.5,26405.309999999998,15385.25,3.5
C0313,5,91660.0,21356.34,18332.0,4.4
C1496,7,91649.5,24902.72,13092.785714285714,4.0
C2696,5,91647.0,23508.57,18329.4,4.8
C0635,8,91505.0,27320.52,11438.125,4.25
C1836,8,91498.5,31437.68,11437.3125,3.75
C3000,3,91404.0,29150.83,30468.0,3.6666666666666665
C2774,5,91330.0,21017.25,18266.0,4.4
C1179,5,91154.0,23709.31,18230.8,4.2
C1222,5,91068.5,21010.33,18213.7,4.2
C0505,3,90867.0,20942.69,30289.0,4.0
C1374,4,90827.0,27075.15,22706.75,4.25
C3245,6,90780.0,30803.190000000002,15130.0,4.5
C0910,6,90493.5,25738.04,15082.25,4.5
C0004,4,90462.0,21715.34,22615.5,4.0
C3362,5,90447.0,24912.31,18089.4,3.8
C2824,6,90429.0,27820.260000000002,15071.5,3.8333333333333335
C1719,4,90346.0,22565.789999999997,22586.5,4.25
C3141,4,90154.0,23798.83,22538.5,3.75
C0339,6,90071.5,24126.16,15011.916666666666,4.5
C1070,3,90067.5,25332.14,30022.5,3.6666666666666665
C0596,4,90037.0,25952.659999999996,22509.25,3.75
C0912,3,89926.5,26064.58,29975.5,4.666666666666667
C0298,1,89880.0,25030.42,89880.0,5.0
C2034,5,89856.5,25511.980000000003,17971.3,4.2
C1406,6,89753.0,22578.2,14958.833333333334,4.833333333333333
C1909,3,89663.0,26623.76,29887.666666666668,4.666666666666667
C3241,1,89488.0,24591.05,89488.0,5.0
C2921,3,89360.0,22282.3,29786.666666666668,3.3333333333333335
C2172,5,89325.0,28625.96,17865.0,4.2
C3058,4,89293.0,25275.4,22323.25,4.0
C2521,2,89103.0,25146.370000000003,44551.5,4.5
C2685,3,89039.0,21851.48,29679.666666666668,3.3333333333333335
C0177,3,88971.0,24125.940000000002,29657.0,4.333333333333333
C2251,7,88942.5,30514.92,12706.07142857143,3.7142857142857144
C1584,6,88796.5,28067.91,14799.416666666666,3.8333333333333335
C1187,3,88285.0,19624.85,29428.333333333332,4.0
C2813,7,88093.0,25568.92,12584.714285714286,4.428571428571429
C3462,3,88072.0,24882.04,29357.333333333332,5.0
C1925,3,88040.0,24139.43,29346.666666666668,4.0
C0169,4,87981.0,19791.0,21995.25,3.5
C0070,6,87796.5,29160.91,14632.75,4.333333333333333
C0006,5,87739.0,21858.78,17547.8,3.6
C3354,5,87716.5,25491.27,17543.3,3.8
C2377,5,87623.0,24507.89,17524.6,4.8
C2753,2,87581.0,19609.54,43790.5,2.5
C1474,4,87546.0,22395.83,21886.5,4.25
C0946,5,87504.0,22034.68,17500.8,4.2
C2143,3,87488.5,23938.93,29162.833333333332,4.333333333333333
C0550,4,87256.0,25357.760000000002,21814.0,4.25
C1194,7,86934.5,28111.11,12419.214285714286,4.714285714285714
C0981,3,86661.0,20423.190000000002,28887.0,3.3333333333333335
C2478,3,86578.0,20971.3,28859.333333333332,3.6666666666666665
C0372,4,86550.0,27704.88,21637.5,3.75
C2334,6,86427.5,24376.31,14404.583333333334,4.5
C1158,6,86330.0,22399.33,14388.333333333334,3.3333333333333335
C0459,5,86209.0,22154.739999999998,17241.8,4.0
C1213,1,86207.0,23617.73,86207.0,4.0
C2815,3,86099.5,20213.620000000003,28699.833333333332,4.0
C1258,2,86006.0,24298.53,43003.0,4.0
C0786,4,85965.0,21968.420000000002,21491.25,4.5
C1634,6,85914.5,24650.35,14319.083333333334,3.3333333333333335
C0014,5,85671.5,24125.329999999998,17134.3,4.6
C0789,6,85598.0,23793.81,14266.333333333334,4.166666666666667
C1720,6,85330.0,23126.75,14221.666666666666,4.5
C1828,3,85313.0,24129.67,28437.666666666668,5.0
C1939,6,85307.0,24679.059999999998,14217.833333333334,4.666666666666667
C2000,3,85293.0,25298.68,28431.0,4.666666666666667
C0188,3,85184.0,23828.68,28394.666666666668,3.3333333333333335
C0486,7,85018.5,23305.36,12145.5,4.571428571428571
C0072,5,84623.0,24261.07,16924.6,4.8
C1823,7,84576.0,27260.260000000002,12082.285714285714,3.857142857142857
C3075,5,84518.5,21332.74,16903.7,4.2
C2707,6,84184.0,26705.79,14030.666666666666,4.333333333333333
C2484,4,83887.0,23456.57,20971.75,4.5
C0476,4,83881.0,25978.84,20970.25,4.75
C2401,6,83880.0,22931.92,13980.0,4.666666666666667
C0001,6,83822.0,24966.78,13970.333333333334,4.333333333333333
C0472,3,83653.0,20845.96,27884.333333333332,3.6666666666666665
C0909,2,83450.0,21349.75,41725.0,3.5
C1030,7,83113.5,23885.88,11873.357142857143,3.857142857142857
C1282,3,82921.5,24838.32,27640.5,4.0
C2181,2,82902.0,20609.440000000002,41451.0,3.5
C0237,3,82789.0,24345.55,27596.333333333332,4.0
C1913,4,82577.0,19753.71,20644.25,3.0
C2608,4,82369.0,24673.05,20592.25,3.75
C2307,4,82279.5,24143.16,20569.875,3.5
C0418,5,82277.0,24564.79,16455.4,4.6
C0963,4,82144.5,20914.77,20536.125,4.5
C0434,4,81821.0,23997.5,20455.25,4.25
C0895,3,81752.0,21149.38,27250.666666666668,3.6666666666666665
C1095,1,81729.0,17048.38,81729.0,5.0
C0214,5,81534.0,25710.949999999997,16306.8,4.2
C1975,5,81532.0,22347.73,16306.4,4.4
C0650,6,81391.5,19839.59,13565.25,4.166666666666667
C0054,3,80921.5,18768.71,26973.833333333332,3.3333333333333335
C1200,6,80693.5,25772.13,13448.916666666666,3.6666666666666665
C0903,5,80674.0,21461.36,16134.8,4.4
C0723,6,80637.5,26770.08,13439.583333333334,4.5
C0263,4,80620.0,21484.08,20155.0,3.5
C1111,6,80568.0,29030.22,13428.0,4.666666666666667
C0270,6,80546.0,20519.05,13424.333333333334,4.333333333333333
C0498,3,80377.0,18273.86,26792.333333333332,4.666666666666667
C1844,4,80137.0,21617.89,20034.25,4.75
C0624,2,80070.5,18863.45,40035.25,4.5
C3110,4,80070.0,19522.82,20017.5,4.5
C2393,3,79990.0,21062.9,26663.333333333332,4.0
C0949,3,79781.0,17680.95,26593.666666666668,4.333333333333333
C0407,5,79767.5,21301.16,15953.5,4.0
C3369,4,79619.0,22954.13,19904.75,4.0
C2533,5,79458.5,21255.92,15891.7,3.8
C1221,4,79363.0,19034.25,19840.75,4.0
C3445,3,79345.5,19949.920000000002,26448.5,4.0
C2697,7,79278.0,23238.38,11325.42857142857,3.857142857142857
C3263,4,79215.5,20776.579999999998,19803.875,4.0
C1057,5,79024.0,20507.33,15804.8,4.4
C1330,3,78955.0,21263.96,26318.333333333332,4.666666666666667
C1083,6,78937.5,24742.5,13156.25,4.0
C0847,8,78794.5,25934.38,9849.3125,3.875
C1338,6,78719.0,22406.89,13119.833333333334,3.8333333333333335
C0571,4,78602.0,21448.65,19650.5,4.5
C3039,4,78597.0,21049.670000000002,19649.25,4.5
C0316,5,78531.0,23283.690000000002,15706.2,3.8
C0848,3,78479.0,23607.15,26159.666666666668,3.6666666666666665
C3022,5,78411.5,23369.23,15682.3,4.2
C2390,3,78400.0,22604.989999999998,26133.333333333332,4.333333333333333
C2575,6,78304.0,22921.940000000002,13050.666666666666,3.8333333333333335
C1453,5,78301.0,28142.82,15660.2,4.4
C1806,5,78254.0,25898.510000000002,15650.8,4.8
C2343,6,78225.0,24433.87,13037.5,4.166666666666667
C0181,5,77946.0,26968.910000000003,15589.2,4.6
C0411,6,77873.0,23135.28,12978.833333333334,4.333333333333333
C0447,7,77837.5,21316.93,11119.642857142857,4.142857142857143
C2836,4,77701.0,19219.09,19425.25,4.25
C1193,4,77635.0,21230.489999999998,19408.75,4.75
C1142,6,77604.0,20697.55,12934.0,4.666666666666667
C2869,7,77580.0,24893.03,11082.857142857143,4.0
C0409,6,77578.5,27031.71,12929.75,4.333333333333333
C0672,4,77556.0,21815.95,19389.0,3.5
C1839,3,77421.0,16409.64,25807.0,4.333333333333333
C1301,5,77280.5,18421.850000000002,15456.1,4.8
C0201,3,77225.0,20047.11,25741.666666666668,3.6666666666666665
C2465,5,77078.0,23640.94,15415.6,4.2
C0455,3,77042.0,25356.3,25680.666666666668,4.333333333333333
C1501,6,77030.5,22301.02,12838.416666666666,4.333333333333333
C2734,4,76901.0,21614.89,19225.25,3.25
C3094,3,76617.0,23024.47,25539.0,4.666666666666667
C1403,3,76389.0,20329.17,25463.0,4.333333333333333
C1078,4,76366.5,26222.25,19091.625,4.25
C3111,3,76242.0,21393.71,25414.0,3.6666666666666665
C2424,2,76149.0,18985.58,38074.5,4.5
C0361,4,76094.0,23024.97,19023.5,4.0
C2192,2,76051.5,18249.19,38025.75,3.5
C2461,4,76009.0,22266.670000000002,19002.25,4.25
C3404,8,75828.0,20577.73,9478.5,4.375
C2379,4,75805.0,22423.0,18951.25,4.75
C1637,4,75794.5,21038.6,18948.625,4.5
C1028,5,75677.5,19197.86,15135.5,4.6
C1615,5,75637.0,23108.129999999997,15127.4,4.4
C0510,2,75553.0,17522.65,37776.5,4.0
C0277,3,75545.5,19699.719999999998,25181.833333333332,4.666666666666667
C1522,4,75478.0,20749.58,18869.5,4.5
C0919,2,75333.0,20595.2,37666.5,4.0
C1947,4,75228.0,20247.5,18807.0,3.75
C0309,4,75090.0,20185.41,18772.5,3.25
C1344,4,74852.5,25147.000000000004,18713.125,4.0
C2642,1,74727.0,20861.24,74727.0,5.0
C2193,3,74724.0,21266.19,24908.0,4.0
C0084,3,74688.5,17960.8,24896.166666666668,4.333333333333333
C2459,6,74474.0,18720.47,12412.333333333334,3.6666666666666665
C0762,5,74420.0,24257.92,14884.0,4.0
C0816,5,74368.0,19343.260000000002,14873.6,4.0
C1004,4,74142.0,22953.75,18535.5,4.25
C1766,6,74106.0,18618.489999999998,12351.0,4.166666666666667
C0632,3,74029.5,20284.52,24676.5,3.3333333333333335
C1466,2,73780.0,19086.64,36890.0,4.5
C0420,3,73630.0,20761.7,24543.333333333332,3.3333333333333335
C2371,5,73607.0,18491.11,14721.4,4.8
C0561,3,73335.0,18967.07,24445.0,3.6666666666666665
C3343,4,73329.5,25936.87,18332.375,3.75
C1552,6,73293.5,19987.21,12215.583333333334,3.6666666666666665
C0531,7,73226.5,25030.989999999998,10460.92857142857,3.857142857142857
C0729,5,73212.5,18392.72,14642.5,4.4
C3115,3,73073.0,21543.71,24357.666666666668,5.0
C0090,6,73033.5,21025.99,12172.25,4.666666666666667
C2084,4,73030.0,18282.12,18257.5,3.75
C3202,4,72969.0,19309.11,18242.25,4.5
C3248,3,72920.0,20644.02,24306.666666666668,3.6666666666666665
C1067,3,72876.0,15270.039999999999,24292.0,4.666666666666667
C0950,4,72766.5,19538.45,18191.625,4.25
C1539,4,72660.0,22426.97,18165.0,3.75
C3041,3,72630.0,23944.22,24210.0,4.666666666666667
C0267,2,72492.5,24416.989999999998,36246.25,5.0
C1278,5,72323.0,19368.95,14464.6,4.4
C2411,5,72224.0,20569.97,14444.8,4.2
C1035,4,72222.0,18897.86,18055.5,4.25
C0698,3,72185.0,19958.13,24061.666666666668,4.666666666666667
C0567,11,72054.0,21569.97,6550.363636363636,4.454545454545454
C1711,4,72039.0,18498.27,18009.75,4.25
C1256,4,71947.0,17927.95,17986.75,4.25
C3217,3,71935.5,18889.8,23978.5,4.666666666666667
C0347,5,71876.0,23743.56,14375.2,4.2
C0999,4,71818.0,21606.370000000003,17954.5,4.5
C0863,5,71739.0,20615.27,14347.8,3.6
C3042,3,71710.0,17973.989999999998,23903.333333333332,4.0
C0254,7,71553.5,18228.129999999997,10221.92857142857,4.142857142857143
C1912,5,71487.5,22590.96,14297.5,4.6
C1077,4,71484.5,19936.18,17871.125,4.0
C0661,4,71425.0,17230.260000000002,17856.25,4.5
C2005,5,71340.0,22164.73,14268.0,4.2
C2544,3,71216.0,19088.32,23738.666666666668,5.0
C3294,2,71208.0,17181.91,35604.0,4.0
C1161,5,71078.5,19591.04,14215.7,4.2
C2666,5,70984.5,19270.62,14196.9,4.0
C0016,3,70960.0,16334.8,23653.333333333332,4.0
C1973,2,70890.0,17358.760000000002,35445.0,4.5
C0969,3,70771.0,17279.92,23590.333333333332,4.0
C2356,6,70747.0,22189.43,11791.166666666666,4.333333333333333
C1510,4,70729.0,19467.25,17682.25,4.0
C2793,4,70708.5,22729.100000000002,17677.125,4.5
C2268,3,70425.5,18916.4,23475.166666666668,4.333333333333333
C3091,7,70382.5,23274.059999999998,10054.642857142857,4.285714285714286
C2389,3,70365.0,17120.280000000002,23455.0,4.666666666666667
C1087,7,70349.5,19708.93,10049.92857142857,4.285714285714286
C3081,6,70245.5,20345.71,11707.583333333334,4.833333333333333
C1246,2,70162.0,20038.87,35081.0,4.5
C2350,4,70098.0,19740.940000000002,17524.5,4.5
C3293,5,70030.0,19871.06,14006.0,4.0
C1691,5,69735.0,18220.34,13947.0,4.0
C0952,3,69714.0,19688.079999999998,23238.0,4.666666666666667
C2878,3,69630.0,18313.42,23210.0,4.0
C0534,5,69520.0,17864.32,13904.0,3.4
C1295,3,69337.0,18737.33,23112.333333333332,3.6666666666666665
C0296,6,69122.5,21041.33,11520.416666666666,4.666666666666667
C1608,3,69012.0,20201.93,23004.0,3.6666666666666665
C3409,5,68892.0,20810.73,13778.4,3.8
C3021,5,68637.5,24125.77,13727.5,4.4
C0178,8,68619.0,23751.3,8577.375,4.375
C0144,2,68581.0,15412.12,34290.5,5.0
C2397,4,68395.0,16965.07,17098.75,4.0
C0401,2,68300.0,20893.370000000003,34150.0,2.5
C0940,3,68151.5,14919.76,22717.166666666668,4.666666666666667
C0040,3,68111.0,15595.23,22703.666666666668,4.0
C2564,4,68055.5,16719.6,17013.875,4.75
C1123,4,67750.0,16528.239999999998,16937.5,4.5
C3163,3,67737.0,16827.57,22579.0,4.0
C0346,2,67621.5,16091.92,33810.75,4.0
C0453,4,67570.0,19963.78,16892.5,3.75
C1400,3,67567.0,15587.150000000001,22522.333333333332,3.3333333333333335
C1792,2,67507.0,18614.71,33753.5,4.5
C3313,6,67490.0,20576.8,11248.333333333334,4.0
C2089,3,67438.5,17040.37,22479.5,4.333333333333333
C2950,3,67383.0,16402.58,22461.0,4.333333333333333
C2955,6,67321.5,20723.93,11220.25,4.166666666666667
C1558,3,67244.0,21187.72,22414.666666666668,4.0
C1978,5,67200.0,20155.510000000002,13440.0,4.2
C1592,3,67136.0,15849.61,22378.666666666668,3.6666666666666665
C2079,3,67104.5,17177.61,22368.166666666668,5.0
C1509,4,67050.5,18714.96,16762.625,4.0
C2161,5,67043.0,17269.11,13408.6,4.8
C0341,6,67038.5,19359.65,11173.083333333334,3.5
C1504,7,67000.0,18082.09,9571.42857142857,4.285714285714286
C0041,5,66933.5,22680.75,13386.7,3.6
C0481,3,66924.0,18833.9,22308.0,3.6666666666666665
C0605,6,66914.0,21732.43,11152.333333333334,4.166666666666667
C2847,4,66908.0,21203.32,16727.0,4.75
C1704,6,66904.0,18158.35,11150.666666666666,3.6666666666666665
C3275,2,66812.0,19189.77,33406.0,4.5
C3315,2,66747.0,18667.77,33373.5,5.0
C1773,2,66697.5,19434.25,33348.75,3.0
C2733,4,66622.0,16596.16,16655.5,4.0
C2574,3,66550.0,18671.379999999997,22183.333333333332,4.333333333333333
C2403,3,66522.0,19868.01,22174.0,3.0
C0568,3,66507.0,16937.87,22169.0,4.333333333333333
C0767,2,66490.0,16708.04,33245.0,3.5
C3347,4,66403.5,17074.41,16600.875,3.5
C3201,6,66389.5,18497.0,11064.916666666666,3.8333333333333335
C2073,3,66326.5,15356.5,22108.833333333332,4.666666666666667
C3376,2,66272.0,15988.54,33136.0,4.5
C0852,3,66208.5,22995.43,22069.5,3.6666666666666665
C0271,4,66143.5,15837.080000000002,16535.875,4.75
C3453,4,66077.0,17873.07,16519.25,4.75
C2581,2,65978.0,21553.6,32989.0,4.5
C2095,2,65928.0,18405.65,32964.0,4.0
C3443,5,65867.5,18155.98,13173.5,4.4
C2883,5,65769.0,20119.72,13153.8,4.0
C0047,3,65700.0,16344.59,21900.0,3.0
C1948,3,65518.0,14486.779999999999,21839.333333333332,3.6666666666666665
C3320,4,65513.0,15532.36,16378.25,4.25
C0311,5,65328.5,16309.76,13065.7,4.4
C2358,6,65282.5,19865.86,10880.416666666666,4.666666666666667
C3153,4,65226.5,21621.64,16306.625,4.0
C0665,3,65160.0,16796.09,21720.0,4.666666666666667
C3001,4,65127.0,16776.03,16281.75,4.75
C2778,4,65083.0,16407.27,16270.75,4.25
C3301,3,65047.5,16747.62,21682.5,4.666666666666667
C3003,4,64986.5,20832.87,16246.625,4.5
C2217,6,64928.0,19035.3,10821.333333333334,4.0
C0039,6,64671.0,20493.24,10778.5,4.333333333333333
C2633,2,64599.0,14813.189999999999,32299.5,3.5
C3090,6,64523.5,18666.37,10753.916666666666,4.0
C3160,5,64395.0,15713.77,12879.0,4.2
C0590,3,64366.5,19764.21,21455.5,3.6666666666666665
C0010,4,64352.0,15324.08,16088.0,3.75
C1186,4,64318.0,19612.690000000002,16079.5,4.75
C0151,2,64310.0,17504.829999999998,32155.0,4.5
C1085,3,64045.0,16703.800000000003,21348.333333333332,4.333333333333333
C1613,5,63939.5,18328.77,12787.9,4.4
C3198,3,63934.0,15900.859999999999,21311.333333333332,3.6666666666666665
C2806,4,63898.5,16583.62,15974.625,4.0
C1653,5,63859.0,23224.22,12771.8,3.4
C1159,3,63805.5,17107.32,21268.5,4.0
C2015,4,63579.5,19028.78,15894.875,4.0
C0080,3,63554.0,14668.380000000001,21184.666666666668,4.333333333333333
C0566,7,63509.0,21386.01,9072.714285714286,3.7142857142857144
C2376,3,63400.0,18740.5,21133.333333333332,4.333333333333333
C3317,6,63354.0,22423.81,10559.0,4.5
C1986,2,63350.0,14204.83,31675.0,4.0
C3492,3,63291.5,18192.75,21097.166666666668,4.0
C2588,2,63282.0,17830.35,31641.0,5.0
C0828,2,63266.0,14914.46,31633.0,4.5
C1389,2,62998.5,15385.92,31499.25,3.5
C2035,2,62970.0,16465.56,31485.0,2.5
C0328,3,62897.0,22828.77,20965.666666666668,4.666666666666667
C1353,3,62891.0,14563.170000000002,20963.666666666668,4.666666666666667
C3465,3,62884.0,16478.25,20961.333333333332,4.666666666666667
C3043,3,62850.0,14680.05,20950.0,3.6666666666666665
C2612,4,62818.0,17826.75,15704.5,4.75
C0918,6,62570.0,18336.12,10428.333333333334,3.8333333333333335
C1687,5,62568.5,19995.55,12513.7,4.0
C1960,3,62431.5,18445.4,20810.5,4.333333333333333
C1254,4,62430.0,21072.77,15607.5,4.75
C0073,2,62390.0,15056.7,31195.0,4.0
C0291,6,62389.5,18767.48,10398.25,4.5
C1100,2,62320.0,16364.6,31160.0,4.0
C2102,4,62239.0,14084.05,15559.75,3.75
C3052,3,62220.0,15889.439999999999,20740.0,4.333333333333333
C1707,3,62156.0,20112.95,20718.666666666668,4.666666666666667
C2086,2,62152.0,16123.84,31076.0,4.5
C1124,3,62089.0,19989.690000000002,20696.333333333332,4.666666666666667
C2001,3,62088.5,19658.85,20696.166666666668,4.0
C1786,3,62046.0,16501.9,20682.0,5.0
C2335,5,62040.5,14522.78,12408.1,4.2
C1348,3,61998.0,18184.11,20666.0,4.0
C0954,2,61966.0,18385.37,30983.0,4.0
C1778,4,61926.0,21299.42,15481.5,4.25
C0972,2,61880.0,14345.310000000001,30940.0,3.5
C2616,2,61860.0,15739.279999999999,30930.0,3.5
C0338,4,61857.5,15836.07,15464.375,4.0
C0357,6,61842.5,20049.68,10307.083333333334,4.0
C1665,4,61803.5,17292.579999999998,15450.875,4.5
C2897,5,61779.5,17398.77,12355.9,4.2
C3478,7,61728.0,18307.19,8818.285714285714,4.142857142857143
C2601,4,61695.0,20412.940000000002,15423.75,4.25
C2848,6,61640.5,21126.75,10273.416666666666,4.166666666666667
C2050,4,61616.5,15576.07,15404.125,4.5
C2524,2,61560.0,15071.33,30780.0,4.0
C1243,3,61497.5,17719.61,20499.166666666668,4.0
C2148,2,61493.5,16046.85,30746.75,4.5
C1810,6,61412.0,21926.760000000002,10235.333333333334,3.8333333333333335
C3092,3,61299.0,18059.32,20433.0,4.333333333333333
C3104,4,61236.0,16618.91,15309.0,4.25
C2528,3,61216.5,16716.02,20405.5,5.0
C2530,3,61174.0,21169.8,20391.333333333332,4.666666666666667
C2903,4,61096.0,20638.75,15274.0,3.75
C1675,5,61068.0,16513.579999999998,12213.6,4.6
C2429,2,60990.0,16025.29,30495.0,3.5
C2402,4,60969.0,16927.9,15242.25,4.25
C3053,3,60900.0,14843.01,20300.0,4.333333333333333
C2113,3,60781.0,14546.089999999998,20260.333333333332,4.0
C2057,6,60631.5,21425.699999999997,10105.25,4.0
C3375,5,60613.5,19643.88,12122.7,3.6
C0417,4,60572.0,18076.59,15143.0,3.5
C0893,6,60524.5,16697.37,10087.416666666666,4.166666666666667
C2225,4,60501.0,21657.82,15125.25,3.5
C1447,1,60500.0,12602.89,60500.0,4.0
C2593,1,60490.0,12285.83,60490.0,3.0
C0898,2,60333.0,15445.46,30166.5,4.0
C3489,3,60331.5,19438.74,20110.5,4.0
C0697,2,60291.5,13587.949999999999,30145.75,4.0
C3010,7,60136.5,19260.93,8590.92857142857,3.857142857142857
C0102,3,60128.5,16875.77,20042.833333333332,4.0
C1362,4,60127.0,15537.77,15031.75,4.25
C2592,3,60122.0,17030.87,20040.666666666668,5.0
C1442,2,60105.0,13726.58,30052.5,5.0
C0652,3,60079.5,17845.22,20026.5,4.0
C1735,2,60016.5,15159.03,30008.25,4.5
C2055,5,60013.0,20055.67,12002.6,4.8
C2041,4,59964.0,18358.64,14991.0,4.0
C0265,5,59920.5,17068.47,11984.1,4.0
C2391,3,59901.5,18174.57,19967.166666666668,4.0
C2709,5,59862.0,16661.64,11972.4,4.2
C1513,3,59808.0,13267.39,19936.0,4.333333333333333
C2178,7,59801.0,15975.07,8543.0,3.5714285714285716
C0889,4,59780.0,21013.29,14945.0,4.75
C1555,8,59706.5,18805.57,7463.3125,4.375
C1572,4,59674.5,20244.55,14918.625,4.25
C2453,4,59670.0,15414.210000000001,14917.5,4.5
C2124,2,59670.0,12456.27,29835.0,3.5
C2481,3,59625.5,17161.82,19875.166666666668,4.333333333333333
C3496,8,59573.5,15919.97,7446.6875,4.25
C0187,3,59540.0,16304.44,19846.666666666668,3.3333333333333335
C2359,4,59529.0,20031.56,14882.25,4.75
C0578,7,59501.5,19745.07,8500.214285714286,4.0
C0027,4,59431.0,14140.470000000001,14857.75,4.5
C2686,3,59368.0,13956.64,19789.333333333332,3.0
C0413,5,59329.0,19245.0,11865.8,3.4
C1413,3,59311.5,13834.22,19770.5,4.666666666666667
C2357,4,59160.0,18177.43,14790.0,3.75
C0439,4,59141.0,19880.59,14785.25,4.0
C2275,2,59110.0,14525.3,29555.0,4.5
C2738,3,59103.5,19415.920000000002,19701.166666666668,3.6666666666666665
C0374,3,59077.0,14196.169999999998,19692.333333333332,4.0
C3233,2,58995.0,14246.78,29497.5,4.5
C3278,4,58859.5,16434.59,14714.875,3.5
C1843,3,58770.0,14867.99,19590.0,4.0
C2973,3,58700.5,12881.82,19566.833333333332,4.0
C1544,4,58679.5,12665.859999999999,14669.875,4.0
C0182,2,58637.0,14348.15,29318.5,4.5
C2013,6,58470.0,17900.300000000003,9745.0,4.0
C0501,3,58455.0,18298.71,19485.0,4.666666666666667
C0215,4,58445.5,15113.560000000001,14611.375,4.0
C3051,2,58310.0,14381.59,29155.0,4.0
C1875,4,58221.0,17571.05,14555.25,4.0
C1908,6,58189.5,19442.61,9698.25,4.666666666666667
C1178,2,58168.5,15244.11,29084.25,4.0
C2811,4,58149.0,14683.779999999999,14537.25,4.25
C1471,3,58028.0,17457.96,19342.666666666668,4.0
C3064,7,58018.5,19833.93,8288.357142857143,3.857142857142857
C2504,2,58002.0,14160.199999999999,29001.0,4.0
C1184,4,57978.0,18933.489999999998,14494.5,4.5
C0377,7,57838.0,18917.36,8262.57142857143,4.571428571428571
C1300,6,57832.0,16520.5,9638.666666666666,4.0
C3434,4,57825.0,17355.94,14456.25,4.0
C3214,5,57820.0,17083.05,11564.0,3.8
C0883,3,57736.0,11788.12,19245.333333333332,4.333333333333333
C3464,2,57661.0,15874.22,28830.5,4.0
C0654,5,57566.0,17331.67,11513.2,4.2
C1216,4,57548.0,15871.16,14387.0,4.5
C1385,5,57510.0,19030.65,11502.0,4.0
C2219,2,57480.0,16173.960000000001,28740.0,4.0
C3390,5,57330.0,19282.82,11466.0,4.6
C3321,3,57330.0,13819.73,19110.0,4.666666666666667
C2039,2,57298.5,13459.71,28649.25,4.5
C0737,5,57222.5,18005.11,11444.5,4.6
C2224,3,57177.0,13645.52,19059.0,4.333333333333333
C3488,3,57138.5,13928.89,19046.166666666668,4.333333333333333
C1957,5,57127.5,18655.06,11425.5,4.4
C2855,6,57114.5,15509.970000000001,9519.083333333334,3.8333333333333335
C0805,7,57070.0,20034.379999999997,8152.857142857143,3.7142857142857144
C2630,6,57051.0,18218.78,9508.5,4.0
C0196,3,57008.5,17219.5,19002.833333333332,3.6666666666666665
C2839,2,57000.0,14360.77,28500.0,4.5
C1902,4,56981.5,17830.22,14245.375,4.0
C2850,4,56974.0,17950.559999999998,14243.5,4.25
C0690,2,56852.0,15513.109999999999,28426.0,4.5
C0345,8,56849.0,17224.48,7106.125,3.75
C3109,4,56841.0,14221.449999999999,14210.25,5.0
C3107,3,56834.0,13949.09,18944.666666666668,4.666666666666667
C2960,7,56763.5,13584.33,8109.071428571428,4.142857142857143
C0759,4,56754.0,13778.11,14188.5,3.75
C3047,4,56696.5,20892.39,14174.125,4.5
C0613,3,56650.0,17391.29,18883.333333333332,4.333333333333333
C1715,2,56606.5,16368.79,28303.25,4.5
C2183,5,56605.5,17821.6,11321.1,4.2
C1877,6,56591.0,18886.51,9431.833333333334,4.166666666666667
C1244,4,56584.5,17595.399999999998,14146.125,4.0
C2691,5,56550.0,20189.18,11310.0,3.8
C1036,3,56416.0,15498.390000000001,18805.333333333332,4.666666666666667
C0851,4,56356.0,16165.88,14089.0,4.5
C1350,3,56340.0,15339.550000000001,18780.0,3.6666666666666665
C1304,3,56193.0,13171.720000000001,18731.0,3.6666666666666665
C1933,4,56157.0,14503.95,14039.25,3.5
C2759,2,56022.0,13220.44,28011.0,4.0
C0360,8,55989.0,18795.65,6998.625,3.875
C1315,3,55944.5,16952.93,18648.166666666668,4.333333333333333
C2870,3,55907.0,14455.119999999999,18635.666666666668,4.333333333333333
C0644,8,55894.0,19069.5,6986.75,4.125
C0627,7,55888.0,16723.05,7984.0,4.0
C1785,3,55859.0,13387.880000000001,18619.666666666668,3.6666666666666665
C2395,2,55830.0,12457.99,27915.0,3.5
C1207,7,55704.0,18319.079999999998,7957.714285714285,3.857142857142857
C3324,4,55669.0,18626.339999999997,13917.25,3.5
C2018,3,55615.5,18930.35,18538.5,4.333333333333333
C2736,3,55614.0,14158.18,18538.0,4.0
C0803,8,55556.5,14687.18,6944.5625,4.5
C0724,3,55427.5,20067.49,18475.833333333332,5.0
C3360,2,55310.0,11765.13,27655.0,4.0
C1688,2,55250.5,12033.36,27625.25,3.5
C1399,2,55236.0,11347.33,27618.0,3.5
C3093,3,55150.0,19814.989999999998,18383.333333333332,4.666666666666667
C0348,3,54969.0,14192.94,18323.0,4.0
C2518,2,54950.0,15818.34,27475.0,4.5
C2280,1,54948.0,15471.54,54948.0,5.0
C2123,1,54940.0,15476.64,54940.0,3.0
C2271,3,54929.0,14971.560000000001,18309.666666666668,4.333333333333333
C0719,4,54865.0,16941.87,13716.25,3.5
C2394,3,54733.0,15094.75,18244.333333333332,4.0
C2690,2,54663.0,12605.98,27331.5,3.5
C3239,6,54585.5,17919.38,9097.583333333334,4.666666666666667
C1404,1,54540.0,11849.43,54540.0,5.0
C0028,1,54410.0,14188.75,54410.0,5.0
C0131,3,54402.0,12680.72,18134.0,4.0
C1415,2,54370.0,12178.05,27185.0,4.5
C2012,7,54309.0,18442.02,7758.428571428572,4.285714285714286
C3118,3,54299.5,16693.86,18099.833333333332,5.0
C0599,2,54280.0,12288.09,27140.0,4.0
C0787,2,54245.0,14903.17,27122.5,4.5
C2468,5,54172.0,18289.01,10834.4,3.6
C3254,2,54162.0,16098.57,27081.0,5.0
C1564,5,53953.5,20538.52,10790.7,4.4
C2142,7,53950.0,18010.41,7707.142857142857,4.142857142857143
C1371,3,53940.0,18074.72,17980.0,3.6666666666666665
C2003,3,53879.5,16247.720000000001,17959.833333333332,3.3333333333333335
C1760,3,53815.5,17096.34,17938.5,5.0
C2234,2,53760.5,16875.15,26880.25,4.0
C2810,3,53752.5,12393.94,17917.5,5.0
C3026,4,53721.0,14821.79,13430.25,3.75
C2278,3,53696.0,16677.55,17898.666666666668,4.0
C2579,3,53590.0,12956.52,17863.333333333332,3.3333333333333335
C1934,5,53464.0,19092.6,10692.8,4.0
C0602,5,53364.0,16136.779999999999,10672.8,4.4
C0380,2,53226.0,12820.050000000001,26613.0,4.5
C1428,1,53100.0,11085.3,53100.0,3.0
C0075,5,53091.0,14442.859999999999,10618.2,4.4
C0677,3,53060.0,18185.93,17686.666666666668,4.333333333333333
C2068,3,52951.0,12761.6,17650.333333333332,4.333333333333333
C2437,4,52705.0,16176.65,13176.25,4.0
C2054,2,52701.0,13806.0,26350.5,4.5
C1816,2,52568.5,11971.419999999998,26284.25,4.5
C2818,5,52435.0,17260.36,10487.0,4.0
C1549,4,52434.0,16254.789999999999,13108.5,4.25
C0218,5,52420.0,17516.46,10484.0,4.4
C2388,1,52420.0,11084.57,52420.0,5.0
C1196,6,52413.0,17031.74,8735.5,4.166666666666667
C0331,3,52321.0,16815.75,17440.333333333332,4.666666666666667
C1425,2,52290.0,18314.85,26145.0,4.5
C1487,1,52190.0,14578.09,52190.0,4.0
C3095,3,52078.0,14659.369999999999,17359.333333333332,3.3333333333333335
C1640,7,52010.5,16250.4,7430.071428571428,4.571428571428571
C0261,5,51986.0,15363.73,10397.2,4.0
C2267,5,51956.5,17318.02,10391.3,4.6
C3310,6,51944.0,17403.87,8657.333333333334,4.0
C2498,7,51930.0,16111.67,7418.571428571428,4.285714285714286
C1863,4,51924.5,16855.05,12981.125,4.0
C2556,2,51852.0,12525.240000000002,25926.0,4.5
C1319,5,51834.5,17091.85,10366.9,3.6
C2545,1,51800.0,11118.44,51800.0,5.0
C1033,2,51800.0,13813.81,25900.0,4.0
C0662,2,51797.5,11739.19,25898.75,4.5
C1990,1,51750.0,12925.27,51750.0,5.0
C2724,5,51725.5,17099.39,10345.1,3.8
C0906,2,51713.0,10840.220000000001,25856.5,4.5
C3034,5,51614.0,16490.210000000003,10322.8,3.6
C0410,3,51542.0,11723.69,17180.666666666668,4.0
C2623,4,51533.0,16722.37,12883.25,4.75
C0755,4,51509.0,11694.42,12877.25,4.25
C2663,2,51484.0,14509.34,25742.0,4.0
C2747,4,51399.5,18761.91,12849.875,4.0
C0491,4,51279.0,15873.33,12819.75,3.75
C0244,4,51216.0,12985.029999999999,12804.0,4.0
C2460,1,51210.0,11576.78,51210.0,4.0
C2720,5,51208.5,13727.78,10241.7,3.8
C1041,3,51197.0,14511.240000000002,17065.666666666668,3.3333333333333335
C2800,3,51122.5,17124.78,17040.833333333332,3.6666666666666665
C0273,7,51043.0,14929.859999999999,7291.857142857143,3.7142857142857144
C0423,4,50976.5,16571.510000000002,12744.125,4.5
C2071,4,50907.0,16818.02,12726.75,5.0
C1373,4,50821.5,16008.539999999999,12705.375,4.75
C2912,3,50756.0,16770.52,16918.666666666668,4.666666666666667
C1376,3,50720.5,16240.39,16906.833333333332,4.666666666666667
C2606,3,50663.5,14525.43,16887.833333333332,4.666666666666667
C0620,2,50625.0,11772.72,25312.5,3.5
C2587,4,50605.5,13558.87,12651.375,4.25
C1481,2,50585.0,14991.009999999998,25292.5,5.0
C3024,2,50512.0,16674.19,25256.0,4.5
C1556,5,50469.0,12782.68,10093.8,3.8
C0232,4,50216.5,14833.39,12554.125,4.0
C3405,5,50179.0,16724.64,10035.8,4.0
C0553,7,50140.0,15982.04,7162.857142857143,4.142857142857143
C0191,1,50124.5,12323.26,50124.5,5.0
C1020,2,50112.0,11524.56,25056.0,4.0
C0539,4,50024.5,16137.029999999999,12506.125,4.0
C1342,6,49993.0,13519.09,8332.166666666666,3.8333333333333335
C2101,2,49895.0,12410.5,24947.5,4.0
C0402,4,49856.0,13390.419999999998,12464.0,3.75
C2109,5,49853.0,15925.32,9970.6,4.4
C2489,2,49716.0,10184.64,24858.0,4.5
C0359,3,49650.0,16031.94,16550.0,4.0
C1871,2,49621.0,13717.74,24810.5,4.0
C1835,2,49616.5,13749.439999999999,24808.25,2.5
C2923,8,49596.5,14872.710000000001,6199.5625,3.875
C1914,2,49590.0,13106.14,24795.0,4.5
C2944,3,49569.0,13329.470000000001,16523.0,4.0
C0450,1,49550.0,10838.62,49550.0,5.0
C0107,4,49517.0,17328.15,12379.25,4.25
C1214,4,49501.0,16424.41,12375.25,4.0
C1797,6,49457.0,18024.379999999997,8242.833333333334,3.6666666666666665
C0076,2,49455.0,13569.04,24727.5,4.5
C0503,5,49411.5,16311.869999999999,9882.3,4.6
C1977,2,49404.0,16759.309999999998,24702.0,4.0
C0440,3,49359.0,11340.0,16453.0,4.333333333333333
C2539,5,49316.0,15424.95,9863.2,3.4
C1271,3,49260.0,15075.52,16420.0,4.666666666666667
C0783,2,49248.0,11087.79,24624.0,5.0
C1636,1,49230.0,13052.04,49230.0,5.0
C0711,3,49176.0,13230.779999999999,16392.0,3.3333333333333335
C0002,2,49152.0,16475.47,24576.0,3.0
C0300,4,49012.5,16387.47,12253.125,4.75
C0366,5,48863.5,13656.42,9772.7,4.2
C3459,6,48720.0,15299.99,8120.0,4.0
C0211,5,48638.0,14256.98,9727.6,3.8
C0293,5,48498.0,12941.19,9699.6,4.2
C2854,1,48392.0,12977.03,48392.0,5.0
C3060,5,48307.5,15786.550000000001,9661.5,2.6
C2770,3,48293.0,15935.26,16097.666666666666,4.333333333333333
C0387,3,48153.5,14805.63,16051.166666666666,5.0
C0522,5,47996.5,17397.85,9599.3,4.4
C2672,2,47804.0,16028.64,23902.0,5.0
C0667,1,47754.0,10446.36,47754.0,4.0
C3257,3,47660.0,16762.46,15886.666666666666,4.333333333333333
C2104,3,47638.5,15594.18,15879.5,4.0
C2550,6,47608.5,12644.22,7934.75,4.5
C0322,3,47469.0,16447.72,15823.0,4.333333333333333
C1146,7,47452.0,14368.31,6778.857142857143,4.428571428571429
C3418,5,47437.0,12836.63,9487.4,4.6
C2355,3,47372.0,12267.880000000001,15790.666666666666,3.3333333333333335
C0685,5,47355.0,15070.24,9471.0,3.8
C0720,2,47196.0,10097.84,23598.0,3.0
C1884,5,47183.0,13145.91,9436.6,4.4
C1081,1,47166.5,12958.49,47166.5,5.0
C2789,4,47077.0,14558.1,11769.25,4.25
C0367,2,47020.0,10398.269999999999,23510.0,4.5
C0927,4,47002.5,16200.92,11750.625,4.75
C2382,5,46967.5,14059.14,9393.5,4.2
C0262,6,46867.0,14540.560000000001,7811.166666666667,3.8333333333333335
C1149,3,46847.0,13695.480000000001,15615.666666666666,4.333333333333333
C3426,4,46783.0,12208.460000000001,11695.75,4.25
C2984,3,46720.0,14621.95,15573.333333333334,3.6666666666666665
C1705,6,46705.0,15181.539999999999,7784.166666666667,4.5
C1710,2,46670.0,15336.27,23335.0,3.0
C2419,5,46655.0,15740.71,9331.0,4.0
C2572,3,46604.0,14772.73,15534.666666666666,4.0
C1053,5,46488.5,15544.89,9297.7,4.0
C1532,5,46468.0,15170.369999999999,9293.6,4.0
C3196,4,46416.0,16138.650000000001,11604.0,4.5
C2586,3,46396.0,11701.789999999999,15465.333333333334,3.6666666666666665
C1783,5,46385.5,15498.18,9277.1,4.0
C0726,2,46359.0,14926.01,23179.5,5.0
C1152,3,46352.0,15410.57,15450.666666666666,4.0
C1958,3,46343.0,15021.369999999999,15447.666666666666,4.666666666666667
C3477,3,46327.5,15882.54,15442.5,3.0
C3008,3,46260.0,15436.689999999999,15420.0,3.6666666666666665
C0430,3,46254.5,13511.82,15418.166666666666,4.333333333333333
C2823,4,46211.0,13355.84,11552.75,4.25
C0611,3,46165.0,13748.66,15388.333333333334,4.333333333333333
C1358,6,46155.0,15405.740000000002,7692.5,4.333333333333333
C3178,4,46132.0,15203.22,11533.0,4.0
C2062,3,46117.0,15904.52,15372.333333333334,4.666666666666667
C1114,3,46010.0,11870.800000000001,15336.666666666666,4.0
C1117,4,46009.5,15041.130000000001,11502.375,4.25
C0809,4,45991.0,17692.75,11497.75,4.0
C3454,3,45982.0,11873.81,15327.333333333334,4.0
C0142,3,45976.5,17000.09,15325.5,4.333333333333333
C1603,3,45952.0,16513.19,15317.333333333334,4.666666666666667
C2158,4,45928.0,11757.68,11482.0,4.0
C1628,4,45913.0,15558.26,11478.25,4.25
C3361,5,45871.0,13216.560000000001,9174.2,4.2
C1255,6,45852.0,15625.58,7642.0,4.333333333333333
C0355,3,45847.5,13889.92,15282.5,4.666666666666667
C2439,4,45801.5,13307.77,11450.375,4.75
C2783,4,45719.0,12122.17,11429.75,4.25
C1723,6,45701.0,11283.97,7616.833333333333,4.0
C2412,4,45682.0,14203.600000000002,11420.5,4.0
C1954,2,45636.0,14798.41,22818.0,3.0
C2799,5,45623.5,14708.539999999999,9124.7,4.4
C0695,3,45579.5,15198.54,15193.166666666666,3.6666666666666665
C0937,4,45554.5,14799.960000000001,11388.625,4.25
C2986,1,45468.0,10137.88,45468.0,4.0
C1570,4,45422.0,13569.6,11355.5,3.5
C0638,4,45378.0,13433.67,11344.5,4.5
C0252,2,45360.0,13553.54,22680.0,4.0
C1538,4,45353.0,13973.02,11338.25,4.25
C2302,4,45266.0,15054.900000000001,11316.5,4.75
C2077,3,45194.0,14374.97,15064.666666666666,4.0
C0683,3,45119.0,11781.28,15039.666666666666,4.0
C0793,5,45092.0,15820.619999999999,9018.4,4.6
C0048,5,44990.5,16354.65,8998.1,4.0
C3223,3,44964.5,13286.26,14988.166666666666,3.6666666666666665
C0032,3,44946.5,11168.81,14982.166666666666,3.3333333333333335
C1339,3,44930.0,12849.529999999999,14976.666666666666,5.0
C2785,3,44915.0,15259.359999999999,14971.666666666666,3.0
C2621,2,44834.0,14726.52,22417.0,4.5
C0342,4,44809.0,16073.32,11202.25,4.5
C0709,4,44765.0,16222.68,11191.25,3.5
C2627,3,44738.0,16060.77,14912.666666666666,4.333333333333333
C0333,5,44713.5,15977.84,8942.7,4.4
C3365,5,44700.0,15724.88,8940.0,4.6
C1180,3,44624.0,15674.739999999998,14874.666666666666,5.0
C1832,3,44617.0,12849.019999999999,14872.333333333334,5.0
C0087,4,44536.0,16150.65,11134.0,4.0
C0216,2,44482.0,13509.09,22241.0,5.0
C1789,4,44442.5,14982.02,11110.625,3.5
C2580,4,44363.0,10740.67,11090.75,4.5
C3120,4,44330.5,10887.960000000001,11082.625,3.0
C1082,4,44318.5,15400.43,11079.625,4.5
C1721,1,44280.0,14277.25,44280.0,4.0
C3159,4,44191.0,12733.119999999999,11047.75,4.0
C0649,6,44176.0,15477.779999999999,7362.666666666667,4.0
C2859,4,44166.0,13376.82,11041.5,3.5
C1190,9,44142.5,14285.48,4904.722222222223,3.5555555555555554
C0929,2,44136.0,14783.74,22068.0,4.5
C2261,4,44094.5,14568.57,11023.625,4.75
C0467,2,44055.0,14355.69,22027.5,4.0
C3011,5,43766.5,15222.34,8753.3,4.2
C3099,5,43746.0,16077.079999999998,8749.2,4.2
C3250,7,43698.5,13278.11,6242.642857142857,3.857142857142857
C0916,3,43680.0,14832.599999999999,14560.0,4.666666666666667
C0798,4,43597.0,11743.36,10899.25,4.5
C2309,4,43527.0,11993.789999999999,10881.75,4.75
C3183,4,43429.0,12051.949999999999,10857.25,3.25
C3271,4,43386.0,12784.81,10846.5,4.25
C2475,4,43381.0,12574.36,10845.25,4.5
C2990,5,43300.5,15405.6,8660.1,3.8
C3287,5,43201.0,15076.33,8640.2,4.0
C1105,5,43167.0,15134.670000000002,8633.4,4.2
C2998,6,43093.0,12319.99,7182.166666666667,4.333333333333333
C1680,2,42987.0,14293.73,21493.5,4.0
C2922,2,42838.0,14028.82,21419.0,4.5
C0875,6,42801.5,14731.58,7133.583333333333,3.8333333333333335
C3364,4,42570.0,12854.880000000001,10642.5,3.5
C2434,2,42490.0,14882.64,21245.0,5.0
C2561,6,42418.5,12220.57,7069.75,4.166666666666667
C1508,4,42392.0,15001.6,10598.0,4.25
C0647,2,42354.0,14687.83,21177.0,4.0
C3265,4,42312.0,14658.04,10578.0,3.25
C0326,4,42269.5,13432.630000000001,10567.375,4.25
C3415,4,42243.0,11360.58,10560.75,4.0
C2763,4,42168.0,12969.76,10542.0,4.25
C0219,4,42164.0,12507.09,10541.0,4.5
C2205,4,42144.0,11726.66,10536.0,3.75
C2083,2,41835.0,11979.68,20917.5,4.0
C2735,4,41826.0,13499.2,10456.5,4.75
C2712,8,41823.0,12385.11,5227.875,4.25
C3170,1,41724.0,14154.65,41724.0,4.0
C1662,4,41646.0,14632.04,10411.5,4.25
C0082,3,41628.0,10091.02,13876.0,4.666666666666667
C2983,5,41582.0,11444.82,8316.4,3.8
C1197,4,41578.0,13610.689999999999,10394.5,4.0
C2677,3,41565.0,10012.369999999999,13855.0,3.6666666666666665
C3015,5,41563.5,13263.36,8312.7,4.0
C1744,4,41551.0,11455.82,10387.75,4.25
C1821,4,41435.5,13862.04,10358.875,4.75
C2273,6,41416.5,11553.15,6902.75,3.6666666666666665
C2100,2,41410.5,15094.779999999999,20705.25,4.0
C1865,5,41381.5,12557.23,8276.3,4.0
C3397,4,41376.0,10212.619999999999,10344.0,3.75
C1614,2,41340.0,12294.17,20670.0,4.0
C0288,2,41330.0,14047.45,20665.0,4.5
C3285,3,41325.0,12409.92,13775.0,4.666666666666667
C2206,2,41290.0,14478.949999999999,20645.0,4.5
C1498,2,41258.0,14730.279999999999,20629.0,4.0
C3224,5,41237.0,15163.0,8247.4,4.2
C1103,4,41233.0,14583.99,10308.25,3.75
C1862,4,41124.5,12575.810000000001,10281.125,4.0
C0009,3,41120.0,11994.54,13706.666666666666,4.0
C1937,4,41104.0,14562.2,10276.0,4.25
C3145,3,41075.0,11479.460000000001,13691.666666666666,5.0
C2028,4,41059.0,11682.08,10264.75,3.75
C0607,3,41052.0,13087.28,13684.0,4.0
C2214,5,41018.5,11860.5,8203.7,4.2
C1997,3,40991.0,11593.410000000002,13663.666666666666,3.6666666666666665
C2918,2,40980.0,15090.69,20490.0,4.0
C0799,3,40970.0,9551.82,13656.666666666666,4.666666666666667
C2680,4,40962.5,13090.289999999999,10240.625,3.75
C2534,4,40937.0,12053.74,10234.25,4.0
C1612,4,40805.0,11429.06,10201.25,4.75
C0350,4,40698.0,15089.47,10174.5,3.5
C2198,6,40650.5,11095.640000000001,6775.083333333333,4.333333333333333
C0992,6,40642.0,12727.91,6773.666666666667,3.3333333333333335
C2185,4,40631.5,13914.369999999999,10157.875,4.0
C2508,3,40590.0,14141.64,13530.0,5.0
C3262,3,40588.5,13095.93,13529.5,4.0
C2637,5,40530.0,13964.18,8106.0,4.4
C0870,7,40445.0,11407.75,5777.857142857143,4.285714285714286
C2369,3,40373.0,13309.550000000001,13457.666666666666,4.333333333333333
C1239,5,40355.0,12961.82,8071.0,4.4
C0386,2,40332.0,11608.59,20166.0,4.5
C2423,4,40254.0,14025.9,10063.5,4.75
C2132,3,40206.0,12469.619999999999,13402.0,3.6666666666666665
C0924,3,40154.5,12645.13,13384.833333333334,4.0
C2899,2,39978.0,13575.83,19989.0,4.5
C2739,6,39970.0,11938.11,6661.666666666667,4.166666666666667
C2144,4,39930.0,14013.89,9982.5,4.75
C1566,3,39906.5,12590.92,13302.166666666666,4.0
C2027,4,39898.0,14046.76,9974.5,4.0
C2628,4,39894.0,12818.14,9973.5,3.25
C1007,2,39872.5,12810.98,19936.25,4.5
C1351,4,39834.5,15074.51,9958.625,4.5
C2150,4,39698.5,13357.31,9924.625,3.75
C0175,4,39677.0,10278.15,9919.25,4.75
C0007,3,39621.0,14920.98,13207.0,4.0
C2661,5,39554.0,13657.509999999998,7910.8,3.8
C1048,2,39516.0,12172.43,19758.0,5.0
C3194,3,39491.0,11601.810000000001,13163.666666666666,4.0
C1673,6,39470.5,10493.11,6578.416666666667,3.8333333333333335
C1575,3,39402.5,11714.019999999999,13134.166666666666,3.3333333333333335
C2904,5,39402.0,10984.62,7880.4,3.8
C1679,4,39377.0,11887.210000000001,9844.25,4.25
C2450,4,39363.5,13341.86,9840.875,4.25
C0403,3,39318.5,10772.960000000001,13106.166666666666,4.666666666666667
C2573,4,39315.0,12820.71,9828.75,4.25
C0432,4,39314.5,11813.07,9828.625,4.25
C1911,3,39280.0,11456.75,13093.333333333334,4.333333333333333
C1130,2,39230.0,14087.789999999999,19615.0,4.0
C1150,4,39214.0,10858.970000000001,9803.5,4.75
C1355,4,39045.0,12811.9,9761.25,3.5
C2664,1,39040.0,11172.45,39040.0,4.0
C2569,4,39012.0,11288.36,9753.0,4.25
C2174,3,38940.0,12910.36,12980.0,4.0
C2996,4,38922.0,11978.49,9730.5,3.75
C0390,2,38895.0,13250.130000000001,19447.5,3.0
C1967,4,38872.0,11644.01,9718.0,3.25
C3162,4,38856.0,12237.44,9714.0,4.25
C0920,4,38853.0,13666.1,9713.25,3.5
C3226,2,38700.0,12796.41,19350.0,3.5
C2934,5,38671.0,12755.25,7734.2,4.4
C1460,5,38624.5,14192.539999999999,7724.9,3.2
C1393,4,38592.5,13523.869999999999,9648.125,4.25
C0609,3,38576.5,12922.42,12858.833333333334,4.666666666666667
C1071,4,38569.0,12302.89,9642.25,4.25
C0139,3,38540.0,10913.060000000001,12846.666666666666,4.333333333333333
C1633,5,38516.5,12057.42,7703.3,4.6
C1602,3,38479.0,12128.35,12826.333333333334,4.666666666666667
C3074,2,38415.0,12448.82,19207.5,3.5
C1579,3,38370.0,11787.630000000001,12790.0,4.666666666666667
C2723,3,38310.0,12244.6,12770.0,4.0
C1883,4,38304.5,12790.23,9576.125,4.75
C1716,2,38225.0,11067.51,19112.5,4.5
C1588,4,38060.0,12805.79,9515.0,4.75
C2689,5,38017.0,11229.43,7603.4,4.6
C1379,4,38004.0,11790.85,9501.0,3.75
C1770,4,37993.0,12462.56,9498.25,4.25
C1517,5,37968.5,11001.359999999999,7593.7,4.2
C3328,5,37921.5,12235.92,7584.3,4.0
C0989,6,37909.5,12133.82,6318.25,4.166666666666667
C0496,3,37907.0,12326.5,12635.666666666666,3.6666666666666665
C3380,6,37883.0,9172.539999999999,6313.833333333333,4.333333333333333
C2014,4,37881.0,11404.1,9470.25,4.0
C0176,5,37870.5,11844.32,7574.1,4.4
C0552,5,37792.5,10968.22,7558.5,3.6
C2924,8,37749.5,13583.54,4718.6875,4.375
C3433,5,37739.0,12360.27,7547.8,3.6
C3020,4,37499.0,13603.11,9374.75,4.25
C2908,4,37496.5,13783.74,9374.125,3.75
C0199,5,37471.0,14339.51,7494.2,3.8
C2341,6,37441.5,12064.5,6240.25,4.166666666666667
C1167,4,37406.5,13599.72,9351.625,3.25
C3199,1,37400.0,11210.51,37400.0,3.0
C0414,2,37350.0,9900.83,18675.0,4.5
C2609,3,37318.0,10847.19,12439.333333333334,4.333333333333333
C0172,5,37298.0,10581.25,7459.6,4.2
C3401,3,37278.0,9920.36,12426.0,4.666666666666667
C0368,5,37277.5,13451.41,7455.5,4.2
C0156,4,37165.5,12267.74,9291.375,4.75
C1927,5,37157.0,11036.69,7431.4,4.2
C0564,5,37148.5,11327.97,7429.7,4.4
C1753,3,37064.0,7619.910000000001,12354.666666666666,4.333333333333333
C2021,6,37012.0,11784.33,6168.666666666667,4.0
C0853,7,37008.5,12200.43,5286.928571428572,3.7142857142857144
C3096,3,36922.5,11032.93,12307.5,4.666666666666667
C1183,4,36883.0,11503.730000000001,9220.75,3.5
C1288,2,36880.0,9020.970000000001,18440.0,5.0
C0521,3,36843.0,9184.01,12281.0,4.333333333333333
C0134,2,36830.0,9521.57,18415.0,4.5
C2160,7,36828.5,12334.4,5261.214285714285,4.0
C0114,4,36828.5,12035.43,9207.125,4.0
C1009,4,36806.5,11817.060000000001,9201.625,3.75
C2882,5,36740.0,11603.58,7348.0,4.0
C2487,3,36704.0,12568.49,12234.666666666666,3.6666666666666665
C0886,4,36700.0,11541.09,9175.0,3.5
C0589,4,36444.5,11007.39,9111.125,4.0
C0754,4,36384.0,9835.94,9096.0,4.5
C1811,3,36373.0,14464.599999999999,12124.333333333334,4.333333333333333
C1008,3,36337.5,10201.060000000001,12112.5,4.333333333333333
C2876,4,36326.0,8869.53,9081.5,4.75
C1731,6,36295.5,12108.78,6049.25,3.8333333333333335
C0471,6,36271.0,9842.45,6045.166666666667,4.0
C2176,4,36263.0,11426.46,9065.75,4.0
C1643,2,36195.5,11977.05,18097.75,5.0
C2822,3,36145.0,9941.970000000001,12048.333333333334,4.333333333333333
C0502,4,36141.5,10812.99,9035.375,3.5
C1791,4,36128.0,12182.890000000001,9032.0,3.75
C0308,1,36125.0,11727.63,36125.0,2.0
C0077,6,35996.5,12067.13,5999.416666666667,4.166666666666667
C3341,3,35929.5,9695.82,11976.5,4.0
C2791,2,35874.0,10484.06,17937.0,3.5
C1935,5,35738.0,9540.17,7147.6,4.0
C0233,3,35626.0,12457.32,11875.333333333334,4.0
C3350,1,35568.0,10187.9,35568.0,5.0
C1858,3,35507.0,7949.9800000000005,11835.666666666666,4.333333333333333
C2231,2,35490.0,8327.13,17745.0,4.5
C2436,3,35484.0,12168.0,11828.0,4.333333333333333
C1322,3,35476.0,11026.619999999999,11825.333333333334,4.0
C3490,5,35406.0,9802.4,7081.2,4.0
C0463,4,35398.0,13111.16,8849.5,4.25
C1730,4,35363.0,12211.24,8840.75,4.25
C0203,3,35325.0,14026.970000000001,11775.0,4.0
C0011,5,35292.5,8825.529999999999,7058.5,4.4
C0083,3,35257.0,10979.310000000001,11752.333333333334,4.333333333333333
C1808,4,35237.0,8703.04,8809.25,4.25
C2727,4,35169.0,10909.75,8792.25,4.75
C1531,4,35139.0,8525.34,8784.75,4.0
C0743,5,35113.0,12812.95,7022.6,4.0
C1993,3,35109.5,8367.78,11703.166666666666,4.0
C3345,4,35108.0,12010.04,8777.0,4.0
C2259,3,35078.0,12027.89,11692.666666666666,3.3333333333333335
C0117,3,35059.5,11796.169999999998,11686.5,4.666666666666667
C3314,7,35047.0,10764.460000000001,5006.714285714285,4.142857142857143
C2784,2,35044.0,11608.25,17522.0,4.5
C3040,2,35044.0,12807.8,17522.0,4.5
C0200,2,35016.5,9631.75,17508.25,4.5
C1936,2,34992.0,11519.96,17496.0,3.0
C1511,3,34974.0,11461.98,11658.0,5.0
C2991,3,34969.0,10524.15,11656.333333333334,4.0
C1548,5,34960.0,12596.69,6992.0,4.4
C0478,1,34950.0,8939.28,34950.0,4.0
C1013,3,34920.0,12840.83,11640.0,4.333333333333333
C1220,4,34908.0,11179.05,8727.0,4.0
C2994,4,34865.0,11753.84,8716.25,3.5
C2482,3,34844.0,9527.099999999999,11614.666666666666,4.333333333333333
C2552,4,34688.5,11879.35,8672.125,4.0
C2305,4,34683.5,12044.02,8670.875,3.75
C1093,4,34670.0,13497.15,8667.5,4.0
C1542,5,34662.0,12510.42,6932.4,4.4
C1607,3,34619.5,10925.07,11539.833333333334,4.333333333333333
C2189,2,34512.0,8112.610000000001,17256.0,4.0
C1176,2,34494.5,12070.17,17247.25,4.5
C2874,4,34479.0,10153.52,8619.75,3.75
C0396,5,34463.0,11005.84,6892.6,3.8
C3355,4,34440.5,8663.52,8610.125,4.75
C1168,6,34422.0,10624.189999999999,5737.0,3.5
C1335,2,34402.5,8431.119999999999,17201.25,4.5
C3334,4,34366.0,10338.48,8591.5,4.5
C0548,2,34352.0,11874.83,17176.0,4.0
C1515,2,34302.0,12661.56,17151.0,4.0
C2342,2,34270.0,10054.27,17135.0,3.5
C0810,4,34249.5,9920.41,8562.375,4.75
C1181,3,34196.0,9433.41,11398.666666666666,3.3333333333333335
C0327,5,34183.5,10142.27,6836.7,4.8
C0160,3,34181.0,9745.92,11393.666666666666,4.0
C1932,2,34160.0,10534.29,17080.0,5.0
C1722,3,33992.0,12007.350000000002,11330.666666666666,4.666666666666667
C1074,3,33977.5,10471.51,11325.833333333334,4.333333333333333
C2230,5,33933.0,8413.06,6786.6,4.2
C0085,6,33852.5,10806.460000000001,5642.083333333333,4.5
C0888,2,33849.5,9649.71,16924.75,3.5
C3298,4,33831.0,11099.89,8457.75,3.5
C1888,2,33777.0,10702.439999999999,16888.5,4.5
C3386,5,33774.0,11334.640000000001,6754.8,4.4
C1347,6,33752.0,10470.93,5625.333333333333,4.5
C1559,4,33742.5,13019.849999999999,8435.625,3.5
C2053,3,33726.5,10987.46,11242.166666666666,4.333333333333333
C2525,2,33690.0,12510.939999999999,16845.0,3.5
C2432,3,33664.5,11427.6,11221.5,4.666666666666667
C3150,6,33630.0,10696.12,5605.0,3.1666666666666665
C2044,6,33614.0,11154.67,5602.333333333333,4.166666666666667
C2087,2,33607.5,10952.060000000001,16803.75,3.5
C3336,5,33603.0,11034.6,6720.6,4.6
C1138,2,33547.0,8969.58,16773.5,4.0
C2407,4,33518.5,10916.93,8379.625,4.75
C2344,3,33515.0,9975.369999999999,11171.666666666666,5.0
C0529,2,33499.5,9081.59,16749.75,2.5
C3002,4,33466.0,8434.29,8366.5,4.0
C2598,4,33465.5,10399.210000000001,8366.375,4.5
C1005,5,33375.5,11443.28,6675.1,4.2
C3289,4,33363.0,9349.16,8340.75,4.0
C3085,2,33361.5,8906.2,16680.75,5.0
C1971,3,33352.5,10083.08,11117.5,4.333333333333333
C0053,3,33265.5,9369.52,11088.5,4.333333333333333
C2002,2,33240.0,11061.58,16620.0,3.5
C0018,4,33229.0,12390.35,8307.25,4.0
C0563,2,33223.5,10868.42,16611.75,4.5
C2833,3,33202.5,9706.83,11067.5,3.6666666666666665
C0363,5,33170.0,8819.64,6634.0,4.2
C1263,4,33156.0,11958.11,8289.0,4.25
C0845,7,33125.5,9581.37,4732.214285714285,4.285714285714286
C0958,2,33124.0,11668.27,16562.0,4.0
C3497,4,33094.0,7544.219999999999,8273.5,4.25
C3191,2,33051.5,9208.27,16525.75,4.5
C3084,2,33013.0,8642.630000000001,16506.5,4.5
C1625,1,32976.0,9552.71,32976.0,4.0
C0948,2,32972.0,8038.87,16486.0,4.0
C1762,3,32949.5,10648.95,10983.166666666666,5.0
C3068,4,32858.0,9665.8,8214.5,4.5
C1801,3,32830.0,9525.44,10943.333333333334,5.0
C1802,5,32773.0,8364.82,6554.6,4.4
C2175,3,32726.0,8779.36,10908.666666666666,4.0
C1235,3,32690.0,11973.220000000001,10896.666666666666,4.333333333333333
C0466,5,32689.0,10242.25,6537.8,4.0
C0781,3,32611.0,11137.9,10870.333333333334,4.0
C0974,4,32592.5,11176.7,8148.125,4.5
C0584,4,32570.0,10702.91,8142.5,4.75
C3185,2,32509.0,8440.52,16254.5,4.0
C2201,2,32498.0,11208.73,16249.0,4.5
C1198,6,32491.5,10327.759999999998,5415.25,4.166666666666667
C2360,3,32444.0,10368.83,10814.666666666666,3.6666666666666665
C1931,3,32386.0,10730.38,10795.333333333334,3.3333333333333335
C3270,3,32357.0,10492.099999999999,10785.666666666666,3.0
C1279,3,32342.0,9069.79,10780.666666666666,4.666666666666667
C0856,3,32255.5,11716.85,10751.833333333334,4.666666666666667
C2938,4,32216.5,10622.41,8054.125,4.0
C1433,4,32184.5,12492.0,8046.125,3.5
C2585,2,32180.0,7174.92,16090.0,5.0
C1064,3,32166.0,9243.24,10722.0,3.3333333333333335
C1314,2,32160.0,9397.04,16080.0,5.0
C3119,5,32146.0,9393.37,6429.2,4.2
C0680,3,32140.0,10523.779999999999,10713.333333333334,5.0
C2245,2,32090.0,11136.67,16045.0,4.0
C1622,3,32087.0,9726.41,10695.666666666666,4.666666666666667
C1237,5,32030.5,9494.84,6406.1,4.0
C1741,3,32010.0,7568.4,10670.0,3.0
C1689,4,32010.0,10649.96,8002.5,4.5
C2568,3,31970.0,9506.1,10656.666666666666,4.666666666666667
C2130,4,31928.0,11083.59,7982.0,4.75
C1090,2,31900.0,9264.55,15950.0,4.5
C0751,4,31858.0,10383.78,7964.5,4.0
C0634,4,31827.5,10847.95,7956.875,4.5
C2363,3,31773.5,10809.95,10591.166666666666,4.333333333333333
C2535,3,31753.0,8053.67,10584.333333333334,3.3333333333333335
C0065,2,31744.0,11145.78,15872.0,4.0
C2590,4,31667.0,9333.65,7916.75,3.75
C2731,5,31629.0,9052.7,6325.8,3.8
C1309,4,31610.0,9236.45,7902.5,4.25
C0428,1,31600.0,10596.77,31600.0,4.0
C0633,3,31558.5,10370.93,10519.5,4.0
C2415,5,31551.0,11424.72,6310.2,3.8
C1585,2,31542.0,7965.7699999999995,15771.0,4.5
C0140,3,31492.5,8582.81,10497.5,4.333333333333333
C1812,4,31491.0,9556.45,7872.75,4.0
C0274,3,31467.5,11181.24,10489.166666666666,4.333333333333333
C2557,2,31370.0,6569.99,15685.0,2.5
C1724,4,31321.0,10927.939999999999,7830.25,4.0
C0782,2,31299.0,11007.99,15649.5,4.5
C1454,3,31266.5,10659.400000000001,10422.166666666666,4.333333333333333
C1528,4,31257.0,9755.83,7814.25,5.0
C3251,4,31254.0,8970.75,7813.5,4.25
C2066,2,31195.0,8141.860000000001,15597.5,3.5
C2020,2,31184.0,8876.48,15592.0,5.0
C1929,2,31144.5,10531.17,15572.25,2.5
C1388,2,31082.0,9760.880000000001,15541.0,4.5
C1438,3,31059.5,10866.86,10353.166666666666,3.0
C2713,6,31056.5,8851.34,5176.083333333333,3.8333333333333335
C2170,1,31050.0,9650.88,31050.0,5.0
C0482,4,31013.0,8102.92,7753.25,4.75
C0703,5,30985.0,9633.779999999999,6197.0,4.2
C0887,3,30982.0,10448.880000000001,10327.333333333334,4.333333333333333
C1367,7,30969.5,10510.58,4424.214285714285,3.5714285714285716
C2631,5,30948.0,8771.85,6189.6,4.2
C2577,5,30934.0,9357.23,6186.8,4.2
C1108,2,30906.0,10535.26,15453.0,4.5
C2392,2,30906.0,7878.59,15453.0,4.0
C1772,3,30884.5,8582.710000000001,10294.833333333334,4.0
C1421,3,30849.0,9952.9,10283.0,3.6666666666666665
C1491,4,30820.0,9307.740000000002,7705.0,3.75
C0671,3,30795.0,7756.39,10265.0,4.333333333333333
C3441,3,30791.0,9872.61,10263.666666666666,3.3333333333333335
C1359,4,30735.5,8512.330000000002,7683.875,4.75
C2074,5,30710.0,11541.64,6142.0,4.0
C2040,3,30680.0,10190.380000000001,10226.666666666666,3.3333333333333335
C2514,3,30659.0,11628.820000000002,10219.666666666666,3.3333333333333335
C2610,5,30619.0,11006.04,6123.8,4.8
C2233,4,30564.5,11002.220000000001,7641.125,3.75
C1648,3,30552.0,10963.26,10184.0,3.6666666666666665
C1767,2,30530.0,8260.65,15265.0,3.5
C2970,4,30505.0,10955.73,7626.25,4.5
C2988,3,30477.0,8343.49,10159.0,4.333333333333333
C2937,1,30380.0,7537.68,30380.0,4.0
C2801,6,30372.5,11507.140000000001,5062.083333333333,3.6666666666666665
C2127,3,30367.5,10197.8,10122.5,4.666666666666667
C2163,4,30272.0,7793.05,7568.0,4.5
C1595,2,30258.0,10004.24,15129.0,4.5
C1699,2,30247.0,9654.23,15123.5,4.5
C3006,4,30210.0,9950.97,7552.5,4.25
C1223,2,30124.5,7730.82,15062.25,5.0
C1803,2,30120.5,6364.76,15060.25,4.0
C1814,4,30077.0,9855.800000000001,7519.25,4.0
C0043,2,30056.0,11037.73,15028.0,4.0
C2889,2,30051.0,7403.910000000001,15025.5,3.5
C0990,2,30038.0,10224.560000000001,15019.0,4.5
C2976,5,29993.0,8638.1,5998.6,3.4
C3299,5,29916.5,8975.77,5983.3,3.6
C3098,2,29910.0,10234.61,14955.0,5.0
C2694,5,29886.5,9368.279999999999,5977.3,4.0
C3027,4,29863.5,11053.58,7465.875,4.0
C0421,7,29811.5,10786.630000000001,4258.785714285715,4.285714285714286
C0445,5,29804.5,10686.68,5960.9,4.0
C0841,2,29801.5,10045.66,14900.75,2.5
C0120,5,29785.5,10494.19,5957.1,3.2
C0866,3,29757.5,7079.869999999999,9919.166666666666,4.333333333333333
C2746,1,29707.5,10115.74,29707.5,5.0
C2042,4,29703.0,9843.36,7425.75,4.25
C2933,1,29700.0,9346.57,29700.0,2.0
C1151,4,29699.0,10455.83,7424.75,4.5
C1968,2,29694.0,11394.27,14847.0,5.0
C1310,6,29686.0,9626.08,4947.666666666667,3.3333333333333335
C1461,3,29632.5,9367.95,9877.5,3.6666666666666665
C0932,1,29632.0,8931.41,29632.0,4.0
C0093,2,29623.0,6826.360000000001,14811.5,5.0
C0965,4,29621.0,10054.41,7405.25,3.75
C1904,3,29620.0,8486.09,9873.333333333334,4.666666666666667
C1489,2,29619.0,6302.259999999999,14809.5,4.5
C3487,3,29579.0,10937.269999999999,9859.666666666666,4.0
C1232,2,29530.0,8206.99,14765.0,3.0
C3356,5,29511.5,9959.11,5902.3,4.4
C3237,3,29496.0,9039.98,9832.0,4.333333333333333
C1905,4,29455.0,9256.880000000001,7363.75,4.0
C0321,5,29401.5,9165.08,5880.3,3.2
C2653,4,29383.0,11105.96,7345.75,3.75
C2975,5,29373.0,9551.77,5874.6,4.2
C1166,4,29357.0,8459.619999999999,7339.25,4.75
C1527,4,29330.5,10403.64,7332.625,3.25
C2567,2,29328.5,9623.08,14664.25,4.0
C0692,3,29320.0,9919.16,9773.333333333334,3.6666666666666665
C3446,4,29309.0,7380.8099999999995,7327.25,3.75
C0516,5,29302.0,11371.310000000001,5860.4,4.0
C3083,3,29298.0,9409.36,9766.0,4.333333333333333
C2595,2,29258.0,6040.92,14629.0,5.0
C2286,1,29250.5,6055.37,29250.5,4.0
C0512,3,29250.0,9432.289999999999,9750.0,4.0
C1467,4,29247.0,7929.5599999999995,7311.75,4.75
C1666,3,29222.0,6957.45,9740.666666666666,3.6666666666666665
C2914,2,29205.0,9963.16,14602.5,4.0
C2909,3,29170.0,9328.43,9723.333333333334,4.0
C0953,4,29075.0,10428.45,7268.75,4.25
C0371,3,29066.0,10154.71,9688.666666666666,4.0
C0978,3,29064.0,9159.51,9688.0,4.333333333333333
C0429,3,29041.0,11622.880000000001,9680.333333333334,4.333333333333333
C0248,4,29038.0,10812.99,7259.5,3.75
C0746,2,29033.5,7760.82,14516.75,4.0
C0449,3,29013.5,8658.6,9671.166666666666,4.0
C0882,3,29003.5,9491.62,9667.833333333334,4.0
C0565,3,28993.5,9529.39,9664.5,4.0
C3135,4,28945.0,10527.34,7236.25,4.75
C2023,2,28914.0,6630.4,14457.0,3.0
C3147,2,28898.0,7991.32,14449.0,5.0
C1563,5,28882.0,10355.130000000001,5776.4,4.4
C3231,2,28872.0,6057.64,14436.0,4.0
C2636,1,28866.0,10206.48,28866.0,4.0
C1261,4,28856.0,11042.28,7214.0,4.25
C2725,4,28829.0,9400.57,7207.25,3.75
C2325,2,28820.0,6608.45,14410.0,4.5
C0137,4,28789.5,8950.83,7197.375,4.25
C2138,2,28770.0,6729.74,14385.0,4.5
C0042,6,28723.5,8655.87,4787.25,4.333333333333333
C0207,3,28689.0,8552.630000000001,9563.0,4.666666666666667
C3227,6,28653.0,9845.880000000001,4775.5,4.666666666666667
C1217,5,28525.5,9655.869999999999,5705.1,4.4
C0064,5,28487.0,8088.0,5697.4,4.2
C0900,4,28442.0,10068.21,7110.5,4.0
C0149,2,28405.5,9599.759999999998,14202.75,4.5
C0822,3,28402.5,8107.7699999999995,9467.5,4.333333333333333
C0479,2,28386.0,9013.6,14193.0,4.0
C2920,3,28333.0,8982.38,9444.333333333334,4.333333333333333
C3023,2,28292.0,7447.29,14146.0,4.0
C3238,3,28289.0,8445.09,9429.666666666666,3.6666666666666665
C0629,3,28283.0,9889.22,9427.666666666666,4.333333333333333
C0294,3,28242.0,9802.97,9414.0,4.666666666666667
C2930,2,28223.0,10190.01,14111.5,4.5
C3381,2,28217.5,9644.34,14108.75,4.0
C1137,2,28141.0,5852.22,14070.5,4.0
C3140,2,28137.5,6529.2,14068.75,4.0
C0640,3,28134.0,8316.42,9378.0,4.0
C2019,4,28115.5,9251.560000000001,7028.875,4.0
C2926,4,28090.0,9016.94,7022.5,4.5
C3407,2,28086.0,8663.369999999999,14043.0,3.5
C2447,2,28020.0,7360.07,14010.0,4.0
C2958,5,28020.0,7786.79,5604.0,4.0
C2695,4,28016.0,8701.89,7004.0,3.75
C0791,3,28007.0,8689.88,9335.666666666666,3.0
C0985,4,27986.5,8973.26,6996.625,3.5
C1225,4,27953.5,9074.91,6988.375,4.5
C3151,4,27940.0,8372.970000000001,6985.0,4.0
C3048,3,27912.5,9450.05,9304.166666666666,4.666666666666667
C3384,2,27906.0,10061.01,13953.0,4.5
C2821,3,27903.0,9976.41,9301.0,3.6666666666666665
C0130,5,27892.0,8248.04,5578.4,4.0
C2386,5,27866.5,10096.45,5573.3,4.0
C0694,4,27849.0,9741.83,6962.25,4.25
C1822,2,27830.5,9020.0,13915.25,4.0
C1192,3,27825.5,9677.810000000001,9275.166666666666,4.333333333333333
C0285,3,27812.5,8820.08,9270.833333333334,4.0
C1573,5,27773.5,8738.05,5554.7,4.2
C1868,3,27750.5,9277.6,9250.166666666666,4.333333333333333
C1674,5,27723.5,10021.61,5544.7,4.2
C1032,5,27717.0,9366.36,5543.4,4.4
C1109,3,27667.0,7698.620000000001,9222.333333333334,4.0
C2258,4,27632.0,9650.11,6908.0,4.75
C3420,7,27616.5,9760.56,3945.214285714286,3.857142857142857
C1876,2,27594.0,7763.09,13797.0,3.0
C1899,4,27579.5,9831.33,6894.875,4.0
C1375,1,27504.0,7030.88,27504.0,5.0
C0964,5,27477.5,9643.53,5495.5,4.4
C1170,3,27475.0,9060.29,9158.333333333334,4.333333333333333
C3358,2,27425.0,7776.3099999999995,13712.5,4.0
C1112,4,27419.0,7642.38,6854.75,4.25
C0119,1,27417.0,8930.06,27417.0,5.0
C1568,1,27410.0,7346.94,27410.0,5.0
C0785,2,27400.0,8254.74,13700.0,5.0
C2584,2,27378.0,7945.56,13689.0,4.0
C2599,5,27358.5,10274.71,5471.7,3.8
C1845,2,27348.0,8389.88,13674.0,3.5
C3340,2,27342.0,8026.8099999999995,13671.0,4.0
C0872,6,27322.0,10447.11,4553.666666666667,3.6666666666666665
C1202,4,27269.0,9687.81,6817.25,3.5
C1321,3,27260.0,8220.05,9086.666666666666,4.666666666666667
C2979,5,27253.0,8437.18,5450.6,3.2
C3471,4,27222.0,10008.1,6805.5,4.5
C1683,4,27140.0,5887.96,6785.0,4.0
C0836,3,27108.0,8887.21,9036.0,5.0
C1145,2,27104.0,7922.15,13552.0,4.5
C1051,3,27089.0,8185.86,9029.666666666666,4.0
C2289,3,27046.5,9809.41,9015.5,3.0
C2173,2,27046.0,8788.82,13523.0,4.5
C0030,2,27036.0,9973.74,13518.0,4.0
C2831,3,27030.0,8560.63,9010.0,4.0
C0465,2,27030.0,9587.9,13515.0,3.5
C0603,6,27024.5,9166.48,4504.083333333333,4.0
C0901,4,26933.0,9154.08,6733.25,3.5
C1317,5,26922.5,10612.0,5384.5,4.4
C2162,1,26910.0,8314.76,26910.0,5.0
C1306,5,26906.0,8972.54,5381.2,4.2
C2773,2,26896.5,7754.47,13448.25,4.0
C2115,3,26886.0,8953.830000000002,8962.0,5.0
C0163,2,26829.0,5476.46,13414.5,5.0
C0543,4,26821.0,10014.83,6705.25,3.0
C2059,2,26820.0,8575.41,13410.0,3.0
C0840,8,26793.5,8723.7,3349.1875,4.25
C0433,3,26754.0,7003.03,8918.0,4.0
C2615,2,26747.5,9128.48,13373.75,4.5
C3188,2,26745.0,8730.66,13372.5,4.5
C2443,5,26669.5,10515.15,5333.9,4.0
C0660,4,26669.0,9048.01,6667.25,4.0
C0663,3,26654.0,9073.220000000001,8884.666666666666,3.6666666666666665
C1748,3,26642.0,8438.84,8880.666666666666,3.0
C0631,7,26595.5,8672.9,3799.3571428571427,4.571428571428571
C0258,4,26566.0,10434.400000000001,6641.5,4.25
C1133,2,26472.0,5783.349999999999,13236.0,4.5
C1644,4,26426.0,6838.55,6606.5,4.25
C1727,5,26363.0,9925.36,5272.6,4.0
C1861,4,26347.0,7592.35,6586.75,4.5
C2520,3,26294.0,11175.5,8764.666666666666,4.0
C2910,3,26266.5,8830.5,8755.5,5.0
C0960,4,26230.5,8418.18,6557.625,3.5
C3117,3,26211.0,8821.31,8737.0,4.333333333333333
C2139,5,26203.0,7261.030000000001,5240.6,4.2
C2675,1,26140.0,8312.55,26140.0,4.0
C0819,5,26134.5,9938.17,5226.9,3.8
C1439,1,26120.0,6500.9,26120.0,4.0
C1700,5,26089.0,10603.37,5217.8,4.0
C1144,2,26034.0,8071.48,13017.0,4.5
C2873,2,26020.0,6044.459999999999,13010.0,5.0
C2125,2,25992.0,5819.21,12996.0,4.0
C0608,3,25935.0,9180.89,8645.0,3.6666666666666665
C1060,2,25904.0,9419.88,12952.0,4.5
C0885,2,25901.0,6271.85,12950.5,5.0
C2849,3,25827.5,9106.1,8609.166666666666,3.3333333333333335
C0636,3,25787.0,9003.79,8595.666666666666,4.666666666666667
C1458,1,25735.5,9155.67,25735.5,4.0
C1286,3,25718.5,8854.77,8572.833333333334,4.333333333333333
C1647,3,25718.5,7342.82,8572.833333333334,4.666666666666667
C0442,2,25655.0,8835.259999999998,12827.5,4.0
C2660,3,25654.5,6917.51,8551.5,4.0
C1569,1,25650.0,9008.67,25650.0,4.0
C2704,2,25628.0,8487.73,12814.0,4.0
C1473,5,25618.5,8587.68,5123.7,4.0
C0630,4,25617.0,8152.0,6404.25,4.25
C0764,2,25587.0,5877.37,12793.5,4.5
C3138,3,25528.5,8606.45,8509.5,4.333333333333333
C2716,4,25505.5,6539.38,6376.375,4.5
C0489,3,25472.5,7600.98,8490.833333333334,4.333333333333333
C1667,4,25455.5,9587.13,6363.875,4.25
C3276,4,25432.5,7431.73,6358.125,2.5
C1685,2,25398.0,8074.25,12699.0,4.5
C2260,5,25386.0,7709.400000000001,5077.2,4.6
C2169,4,25377.0,9476.369999999999,6344.25,4.5
C0684,4,25252.5,7749.63,6313.125,4.25
C0639,3,25208.0,8151.11,8402.666666666666,4.666666666666667
C1302,6,25203.0,8049.379999999999,4200.5,4.333333333333333
C1283,2,25185.0,6758.83,12592.5,4.0
C2722,2,25128.0,9243.67,12564.0,4.0
C3007,2,25080.0,6248.67,12540.0,4.0
C0329,1,25080.0,7293.07,25080.0,3.0
C1729,3,25052.5,9437.23,8350.833333333334,3.6666666666666665
C2748,2,25050.0,6516.43,12525.0,5.0
C0943,2,25047.0,7713.72,12523.5,5.0
C2519,3,24993.0,8482.19,8331.0,3.6666666666666665
C0710,3,24981.0,10014.08,8327.0,4.333333333333333
C0376,2,24954.5,7506.15,12477.25,4.5
C1872,4,24954.0,9635.42,6238.5,5.0
C1582,5,24872.0,8501.44,4974.4,4.0
C1210,1,24864.0,8859.12,24864.0,3.0
C2294,2,24836.0,6290.48,12418.0,4.5
C0179,2,24821.0,7988.099999999999,12410.5,4.0
C2056,3,24811.0,7783.900000000001,8270.333333333334,4.0
C1605,2,24733.0,7725.549999999999,12366.5,4.0
C2037,2,24632.0,8894.51,12316.0,4.0
C2283,5,24586.5,7863.129999999999,4917.3,4.2
C3221,4,24515.0,7629.71,6128.75,5.0
C0555,5,24491.0,8023.34,4898.2,4.0
C1979,4,24470.0,7223.87,6117.5,4.5
C3366,5,24423.0,9133.19,4884.6,5.0
C2128,1,24405.5,5945.07,24405.5,5.0
C2180,4,24402.0,9526.02,6100.5,4.5
C3279,3,24372.0,8543.060000000001,8124.0,3.3333333333333335
C3161,1,24320.0,5268.28,24320.0,2.0
C3479,3,24316.0,7704.98,8105.333333333333,4.666666666666667
C1930,3,24252.0,7228.44,8084.0,4.0
C1340,1,24244.0,5724.55,24244.0,5.0
C1682,2,24225.0,6491.99,12112.5,4.0
C0971,6,24215.5,8019.959999999999,4035.9166666666665,3.3333333333333335
C2693,3,24202.0,9378.35,8067.333333333333,4.0
C0984,4,24135.0,8695.29,6033.75,4.0
C2365,4,24128.0,7203.26,6032.0,4.5
C1135,3,24102.0,7395.51,8034.0,5.0
C3311,4,24086.0,5061.38,6021.5,4.25
C2987,6,24013.0,7731.5,4002.1666666666665,4.333333333333333
C2905,4,23972.0,6925.2,5993.0,4.25
C2085,3,23939.0,8402.69,7979.666666666667,3.3333333333333335
C1126,3,23870.0,7507.710000000001,7956.666666666667,4.333333333333333
C2118,5,23864.0,7820.62,4772.8,3.6
C2559,4,23854.0,8516.54,5963.5,4.5
C3403,4,23834.0,7836.02,5958.5,4.75
C2516,2,23804.0,7023.84,11902.0,3.5
C1616,1,23787.0,6777.31,23787.0,4.0
C2421,1,23760.0,6539.98,23760.0,4.0
C2891,5,23731.0,8802.64,4746.2,4.4
C0427,6,23731.0,8347.970000000001,3955.1666666666665,4.166666666666667
C1516,5,23672.0,8186.6900000000005,4734.4,4.2
C1798,2,23641.5,5470.2,11820.75,3.5
C1965,2,23641.0,7741.16,11820.5,3.5
C0773,3,23623.0,5862.179999999999,7874.333333333333,4.333333333333333
C1043,3,23591.0,8739.14,7863.666666666667,4.666666666666667
C1945,2,23587.0,8243.46,11793.5,5.0
C2145,4,23538.0,8113.04,5884.5,4.5
C2676,4,23528.0,7999.620000000001,5882.0,3.75
C3037,2,23496.0,6078.25,11748.0,3.5
C3396,3,23467.0,8085.880000000001,7822.333333333333,5.0
C2965,4,23463.0,6163.93,5865.75,4.75
C3286,4,23448.5,7197.280000000001,5862.125,3.75
C0399,3,23422.5,7475.530000000001,7807.5,4.666666666666667
C1372,2,23378.0,6749.46,11689.0,4.0
C3432,4,23359.5,7136.09,5839.875,4.0
C2865,3,23359.0,7306.4,7786.333333333333,3.6666666666666665
C2046,2,23351.0,7896.58,11675.5,3.5
C2080,4,23350.0,7775.37,5837.5,4.25
C0412,2,23325.0,8758.119999999999,11662.5,4.0
C0325,3,23312.0,7669.41,7770.666666666667,5.0
C3148,3,23292.0,8159.88,7764.0,4.0
C1684,3,23290.0,6881.220000000001,7763.333333333333,4.333333333333333
C1431,4,23273.5,6971.36,5818.375,4.5
C3274,5,23265.5,7919.33,4653.1,4.4
C0700,4,23202.0,6124.0,5800.5,4.75
C1188,4,23164.5,8104.34,5791.125,4.0
C0424,3,23141.0,8478.88,7713.666666666667,5.0
C2164,6,23099.5,8167.11,3849.9166666666665,4.5
C1734,2,23082.0,7602.71,11541.0,3.5
C1920,2,23079.0,7779.02,11539.5,5.0
C2496,4,23059.0,8064.82,5764.75,4.0
C2911,1,23040.0,7140.3,23040.0,5.0
C3067,3,23002.0,6866.45,7667.333333333333,3.6666666666666665
C0642,2,22975.5,5371.69,11487.75,5.0
C1445,2,22937.0,8257.93,11468.5,5.0
C1926,2,22920.0,6002.63,11460.0,4.5
C0670,6,22918.5,7483.49,3819.75,3.5
C2538,4,22873.0,7154.66,5718.25,4.75
C0674,3,22870.0,6418.389999999999,7623.333333333333,4.666666666666667
C1297,2,22864.0,8462.380000000001,11432.0,4.0
C0464,3,22825.0,9633.32,7608.333333333333,4.333333333333333
C2961,3,22824.0,6561.34,7608.0,3.6666666666666665
C2381,5,22800.0,6983.7,4560.0,4.2
C2852,2,22788.0,7742.08,11394.0,4.5
C2279,4,22720.0,7541.88,5680.0,4.75
C3013,4,22717.5,8182.93,5679.375,3.75
C2097,3,22692.0,8210.17,7564.0,3.6666666666666665
C0998,3,22684.0,6378.96,7561.333333333333,4.333333333333333
C1206,4,22678.0,8066.450000000001,5669.5,4.25
C1480,4,22662.0,7953.799999999999,5665.5,4.0
C2491,4,22662.0,8457.06,5665.5,4.25
C2457,5,22661.0,5958.4,4532.2,4.4
C2385,2,22659.0,8271.48,11329.5,4.5
C0721,2,22654.5,8931.29,11327.25,5.0
C0147,2,22620.5,7339.84,11310.25,4.0
C3175,2,22614.0,4716.49,11307.0,3.0
C2155,1,22600.0,8129.44,22600.0,5.0
C2103,4,22595.0,7779.389999999999,5648.75,4.25
C0716,1,22590.0,7454.27,22590.0,4.0
C2737,3,22585.5,8037.1900000000005,7528.5,4.333333333333333
C1269,1,22572.0,7117.77,22572.0,5.0
C3466,3,22561.0,5633.72,7520.333333333333,4.666666666666667
C0168,3,22555.0,5852.95,7518.333333333333,4.666666666666667
C3481,3,22542.0,9345.810000000001,7514.0,4.333333333333333
C2771,2,22540.0,7734.11,11270.0,4.5
C2448,6,22540.0,5966.18,3756.6666666666665,4.0
C2477,4,22538.0,6867.26,5634.5,3.75
C0935,5,22492.0,9088.529999999999,4498.4,4.2
C2507,3,22454.0,7201.33,7484.666666666667,3.3333333333333335
C2249,4,22400.0,7217.42,5600.0,4.25
C1312,4,22387.0,9110.689999999999,5596.75,3.25
C1173,4,22358.0,7746.51,5589.5,4.75
C1211,5,22340.0,7825.950000000001,4468.0,4.0
C1554,3,22323.5,7022.34,7441.166666666667,3.0
C2031,2,22315.0,6677.4,11157.5,5.0
C2024,2,22292.0,6148.66,11146.0,4.0
C2654,3,22283.0,6386.26,7427.666666666667,4.666666666666667
C0255,3,22280.0,8838.82,7426.666666666667,4.0
C2673,3,22240.0,7431.65,7413.333333333333,3.0
C0824,4,22223.5,8418.43,5555.875,4.0
C1331,2,22202.0,7847.0599999999995,11101.0,3.0
C3374,3,22188.0,6716.94,7396.0,4.0
C1044,1,22176.5,4926.79,22176.5,5.0
C1950,5,22156.5,7469.44,4431.3,4.0
C0337,2,22127.0,8029.2300000000005,11063.5,3.0
C1241,5,22126.5,5420.48,4425.3,3.8
C0861,1,22100.0,7548.19,22100.0,3.0
C0715,3,22098.0,5612.0599999999995,7366.0,3.6666666666666665
C1477,4,22084.0,7570.2,5521.0,4.25
C0587,4,22075.0,6444.91,5518.75,4.25
C2808,3,22067.0,5372.46,7355.666666666667,3.6666666666666665
C1063,3,22041.0,6896.78,7347.0,4.0
C2134,5,22028.5,8205.7,4405.7,4.4
C3230,5,21995.0,8011.27,4399.0,4.4
C0103,1,21980.0,7451.57,21980.0,4.0
C0026,2,21949.5,6341.83,10974.75,5.0
C1824,4,21894.0,7029.42,5473.5,4.5
C1864,3,21880.0,6904.54,7293.333333333333,4.333333333333333
C0594,3,21824.0,6406.3,7274.666666666667,4.666666666666667
C3108,4,21765.0,5787.01,5441.25,4.5
C2620,4,21765.0,7351.99,5441.25,4.5
C0880,2,21713.0,6738.64,10856.5,4.0
C0742,3,21678.0,8747.18,7226.0,4.333333333333333
C1505,3,21644.0,5888.9,7214.666666666667,4.666666666666667
C1113,3,21634.0,7695.49,7211.333333333333,5.0
C0205,1,21631.5,5931.25,21631.5,4.0
C2925,3,21584.0,8065.82,7194.666666666667,4.0
C0497,3,21582.0,6474.969999999999,7194.0,4.666666666666667
C0301,2,21552.0,7145.379999999999,10776.0,3.5
C2081,5,21523.0,6026.24,4304.6,4.0
C1632,3,21502.0,7050.93,7167.333333333333,3.6666666666666665
C0104,3,21501.0,7650.450000000001,7167.0,4.0
C0619,4,21461.5,6517.8099999999995,5365.375,4.75
C1349,3,21386.0,6477.17,7128.666666666667,4.0
C2650,3,21358.0,6915.1900000000005,7119.333333333333,4.666666666666667
C0794,2,21347.0,7733.82,10673.5,3.5
C2647,5,21290.0,7106.15,4258.0,3.8
C0336,2,21253.5,6737.77,10626.75,3.5
C0470,4,21225.0,6661.32,5306.25,4.5
C0495,3,21224.5,7437.8,7074.833333333333,3.6666666666666665
C0628,1,21222.0,6211.89,21222.0,4.0
C0818,4,21200.5,8822.119999999999,5300.125,3.5
C2657,3,21192.0,9015.25,7064.0,4.333333333333333
C2326,4,21184.0,6229.48,5296.0,4.25
C1681,4,21178.0,6310.75,5294.5,4.5
C1231,4,21169.0,7626.55,5292.25,4.25
C0373,3,21140.0,7839.58,7046.666666666667,4.666666666666667
C1377,2,21130.0,5241.31,10565.0,4.5
C2805,4,21115.5,6397.280000000001,5278.875,4.25
C1088,3,21078.0,5403.76,7026.0,3.6666666666666665
C0036,3,21050.0,4908.400000000001,7016.666666666667,4.0
C1879,5,21047.5,7316.52,4209.5,4.2
C1627,4,21033.5,7006.55,5258.375,4.5
C3421,1,21033.0,6837.72,21033.0,5.0
C0145,4,20971.0,8047.120000000001,5242.75,3.75
C1503,2,20971.0,5460.51,10485.5,4.0
C3383,4,20959.0,6436.48,5239.75,4.25
C2917,3,20951.0,5888.02,6983.666666666667,4.333333333333333
C2425,2,20843.0,5626.900000000001,10421.5,4.0
C1962,5,20827.0,7613.55,4165.4,4.4
C0823,3,20821.0,6586.3,6940.333333333333,4.0
C0318,2,20819.0,6389.4800000000005,10409.5,4.0
C2832,1,20768.0,5096.49,20768.0,5.0
C1456,4,20748.0,6017.16,5187.0,4.5
C2196,3,20736.5,6028.27,6912.166666666667,4.333333333333333
C1327,3,20730.5,6894.07,6910.166666666667,4.0
C1174,4,20694.5,6035.05,5173.625,4.0
C1678,2,20687.0,6345.6,10343.5,4.0
C2589,3,20657.5,5576.110000000001,6885.833333333333,4.0
C0546,3,20591.0,7742.78,6863.666666666667,4.333333333333333
C0287,4,20569.5,8014.5,5142.375,3.5
C2067,3,20546.0,5074.7300000000005,6848.666666666667,4.0
C2522,2,20521.0,7781.83,10260.5,3.0
C2777,3,20502.0,6547.8,6834.0,5.0
C2494,4,20498.0,5992.27,5124.5,3.75
C1635,2,20489.5,6668.09,10244.75,3.0
C2611,3,20488.0,7445.990000000001,6829.333333333333,4.333333333333333
C1842,1,20466.0,7196.52,20466.0,3.0
C0574,3,20462.0,6995.95,6820.666666666667,4.333333333333333
C0253,3,20452.0,5951.049999999999,6817.333333333333,3.3333333333333335
C0289,4,20431.0,6955.610000000001,5107.75,3.5
C2441,2,20415.0,4659.4,10207.5,4.0
C0535,3,20401.0,6023.76,6800.333333333333,3.6666666666666665
C0956,4,20383.5,7101.02,5095.875,4.75
C0257,2,20381.0,6350.39,10190.5,3.0
C1205,5,20238.5,7237.5599999999995,4047.7,4.4
C2602,3,20222.0,6775.5599999999995,6740.666666666667,4.0
C2742,3,20212.5,6627.98,6737.5,4.333333333333333
C3059,3,20132.0,8134.6900000000005,6710.666666666667,4.333333333333333
C1571,2,20117.5,8263.32,10058.75,4.5
C3225,2,20090.0,5271.55,10045.0,4.0
C0834,4,20080.5,7244.31,5020.125,4.25
C0643,4,20075.0,6567.77,5018.75,4.25
C2702,3,20070.0,7351.2,6690.0,3.6666666666666665
C1837,3,20051.0,6514.24,6683.666666666667,4.0
C3394,2,20029.5,7142.94,10014.75,4.5
C1976,2,19986.0,6528.950000000001,9993.0,3.5
C0038,1,19980.0,4466.96,19980.0,4.0
C2247,2,19954.5,5964.389999999999,9977.25,3.5
C2730,3,19942.5,7846.389999999999,6647.5,3.3333333333333335
C1482,3,19940.5,6963.51,6646.833333333333,4.333333333333333
C1096,3,19939.5,5376.83,6646.5,4.666666666666667
C1897,4,19934.5,6123.71,4983.625,3.5
C1852,2,19933.0,6619.45,9966.5,4.5
C1992,4,19919.0,7036.4,4979.75,4.25
C2969,4,19916.5,7108.099999999999,4979.125,4.75
C1646,2,19898.5,4747.16,9949.25,4.0
C1495,4,19868.0,6393.49,4967.0,4.0
C1018,4,19843.0,7870.41,4960.75,4.0
C3069,2,19833.0,6209.61,9916.5,4.0
C0184,5,19831.0,5686.59,3966.2,4.2
C1099,2,19820.0,5203.0599999999995,9910.0,4.5
C1550,3,19762.0,5903.41,6587.333333333333,4.666666666666667
C2796,3,19739.0,5285.79,6579.666666666667,4.0
C1408,3,19728.0,5403.18,6576.0,5.0
C1265,4,19716.0,6282.83,4929.0,4.5
C2635,3,19705.5,5049.61,6568.5,4.333333333333333
C0457,4,19690.0,5534.610000000001,4922.5,3.5
C3156,2,19665.5,6648.45,9832.75,4.0
C3437,3,19631.5,6949.52,6543.833333333333,4.333333333333333
C0419,3,19627.0,7207.93,6542.333333333333,3.0
C1856,3,19573.5,5770.219999999999,6524.5,4.0
C0830,2,19508.5,6177.96,9754.25,5.0
C2571,3,19415.0,6670.35,6471.666666666667,4.666666666666667
C2190,3,19390.0,6518.78,6463.333333333333,4.0
C2387,3,19389.5,7920.51,6463.166666666667,3.6666666666666665
C2063,2,19375.0,7894.76,9687.5,5.0
C0171,2,19370.5,6383.12,9685.25,4.5
C1175,4,19370.0,6251.78,4842.5,4.0
C1091,3,19368.0,7138.849999999999,6456.0,2.6666666666666665
C0230,3,19342.0,6807.08,6447.333333333333,4.0
C0807,2,19318.0,5455.38,9659.0,4.5
C2156,4,19301.5,6850.93,4825.375,4.75
C2349,3,19280.0,6216.9,6426.666666666667,4.666666666666667
C2337,4,19244.5,6630.02,4811.125,4.0
C2312,3,19240.0,6887.389999999999,6413.333333333333,4.0
C2238,2,19217.5,6599.54,9608.75,4.0
C1609,6,19137.0,6680.75,3189.5,3.8333333333333335
C2807,3,19132.0,5788.04,6377.333333333333,3.6666666666666665
C0976,5,19104.0,6092.74,3820.8,3.6
C0626,3,19100.0,4864.55,6366.666666666667,3.6666666666666665
C0062,3,19100.0,5801.72,6366.666666666667,3.6666666666666665
C2809,3,19083.0,6878.84,6361.0,4.0
C0970,3,19053.5,6195.740000000001,6351.166666666667,4.0
C1381,2,19044.0,5136.87,9522.0,4.5
C2844,3,19028.0,5813.4400000000005,6342.666666666667,4.333333333333333
C2788,3,19012.0,5884.53,6337.333333333333,4.0
C1795,3,18990.0,6247.0599999999995,6330.0,4.0
C2967,4,18974.0,6367.18,4743.5,4.25
C0868,3,18960.0,6059.540000000001,6320.0,4.333333333333333
C1736,4,18945.5,5816.91,4736.375,4.0
C1695,3,18934.0,6539.8,6311.333333333333,4.0
C2708,2,18931.0,6394.9800000000005,9465.5,4.5
C0926,3,18844.0,7426.06,6281.333333333333,3.6666666666666665
C3125,3,18834.0,5891.54,6278.0,5.0
C3461,4,18815.5,5089.2699999999995,4703.875,4.75
C1739,3,18802.5,6925.82,6267.5,4.0
C0281,4,18781.5,6704.59,4695.375,4.5
C1080,3,18759.0,4969.450000000001,6253.0,3.6666666666666665
C0936,2,18710.0,5908.72,9355.0,4.5
C2110,3,18680.0,5586.860000000001,6226.666666666667,4.0
C0993,3,18646.5,6982.63,6215.5,4.333333333333333
C1768,1,18640.0,5419.52,18640.0,3.0
C3101,3,18629.0,5005.0599999999995,6209.666666666667,3.0
C1079,2,18546.0,5393.13,9273.0,4.0
C0228,1,18506.0,6533.39,18506.0,3.0
C1107,1,18496.5,3936.1,18496.5,4.0
C1826,2,18495.0,5118.91,9247.5,3.5
C1094,6,18494.0,6928.28,3082.3333333333335,4.0
C2131,2,18493.0,5675.21,9246.5,4.5
C1333,2,18464.0,5769.42,9232.0,4.0
C2583,5,18453.0,6386.8099999999995,3690.6,3.4
C0049,5,18401.0,6586.62,3680.2,4.2
C3372,4,18399.0,5724.0,4599.75,4.0
C1320,4,18397.5,5272.16,4599.375,3.5
C3331,2,18382.0,7265.370000000001,9191.0,4.0
C3174,3,18364.0,6279.77,6121.333333333333,3.6666666666666665
C3283,3,18322.5,5608.2,6107.5,4.0
C0666,2,18320.0,5323.6,9160.0,4.5
C1328,2,18316.0,4615.22,9158.0,4.5
C0260,3,18303.0,5826.49,6101.0,4.333333333333333
C2981,2,18288.0,6618.74,9144.0,3.5
C2729,3,18279.5,5614.52,6093.166666666667,4.333333333333333
C2893,3,18226.5,6646.99,6075.5,4.333333333333333
C3408,3,18215.5,5940.02,6071.833333333333,4.0
C2532,2,18195.0,6751.03,9097.5,3.5
C1050,2,18180.0,5962.51,9090.0,4.0
C1441,4,18176.0,5947.38,4544.0,4.25
C0050,4,18167.0,5677.62,4541.75,4.0
C3088,2,18130.0,7248.83,9065.0,4.5
C0528,2,18110.0,7291.5,9055.0,4.0
C2426,3,18096.5,7453.35,6032.166666666667,3.3333333333333335
C1712,2,18088.5,4867.01,9044.25,4.5
C1591,4,18061.0,4836.16,4515.25,4.0
C2208,2,18049.0,4875.66,9024.5,4.5
C1624,2,18010.0,6518.6900000000005,9005.0,4.5
C0234,4,18007.5,5162.42,4501.875,4.5
C1518,2,18005.0,6055.610000000001,9002.5,4.5
C2264,3,18002.5,5220.9800000000005,6000.833333333333,3.6666666666666665
C1918,3,17977.5,6249.46,5992.5,4.666666666666667
C1988,4,17825.0,5217.26,4456.25,4.25
C1663,3,17794.0,6775.5599999999995,5931.333333333333,3.6666666666666665
C1189,3,17780.0,6188.59,5926.666666666667,4.333333333333333
C0012,2,17762.5,4128.9400000000005,8881.25,4.0
C0278,3,17739.0,5444.74,5913.0,4.333333333333333
C2256,4,17722.0,4536.71,4430.5,4.25
C2936,2,17677.0,6282.469999999999,8838.5,5.0
C1230,2,17676.0,6120.02,8838.0,3.5
C2980,2,17660.5,6416.25,8830.25,3.5
C2743,4,17631.0,5906.38,4407.75,4.25
C2480,3,17612.0,7366.3,5870.666666666667,3.3333333333333335
C0094,4,17609.0,5989.48,4402.25,4.25
C3416,3,17574.0,4780.58,5858.0,4.333333333333333
C3269,2,17530.0,5674.889999999999,8765.0,4.5
C2237,1,17518.0,5435.1,17518.0,4.0
C0406,3,17501.0,5204.58,5833.666666666667,3.6666666666666665
C0133,3,17486.0,5753.89,5828.666666666667,4.666666666666667
C0174,3,17466.0,6219.539999999999,5822.0,3.6666666666666665
C2863,2,17452.0,6251.790000000001,8726.0,4.0
C2758,6,17450.5,4727.5,2908.4166666666665,4.166666666666667
C3087,4,17450.0,7074.25,4362.5,4.0
C2565,2,17410.0,4860.23,8705.0,3.5
C0209,3,17395.0,6389.0599999999995,5798.333333333333,4.333333333333333
C1432,3,17393.0,4428.25,5797.666666666667,4.666666666666667
C3389,3,17388.0,6019.030000000001,5796.0,4.0
C2949,5,17372.0,6728.4,3474.4,4.8
C0913,2,17359.0,5122.94,8679.5,4.0
C3019,4,17357.0,5078.22,4339.25,4.75
C1163,2,17308.0,4615.07,8654.0,3.5
C2135,1,17296.0,5274.24,17296.0,4.0
C2069,4,17294.0,6153.42,4323.5,4.25
C1529,3,17289.0,6651.33,5763.0,4.0
C1463,4,17280.0,5797.83,4320.0,3.75
C0891,3,17263.0,5289.47,5754.333333333333,4.333333333333333
C1746,3,17262.0,5074.81,5754.0,4.0
C1560,5,17233.0,5798.6,3446.6,4.6
C1361,3,17231.0,5815.610000000001,5743.666666666667,4.666666666666667
C1629,5,17199.0,6177.22,3439.8,4.0
C1761,2,17195.0,6328.990000000001,8597.5,5.0
C1873,3,17171.0,4847.65,5723.666666666667,4.0
C1994,4,17159.0,6511.25,4289.75,4.5
C2117,3,17100.0,4878.71,5700.0,4.333333333333333
C1155,1,17062.0,6727.69,17062.0,5.0
C0320,1,17043.0,5881.43,17043.0,5.0
C2860,3,17019.0,5817.28,5673.0,4.666666666666667
C0731,4,16999.5,4240.22,4249.875,4.75
C2154,2,16943.5,5128.4,8471.75,3.0
C1524,4,16927.0,5156.93,4231.75,4.0
C1128,1,16910.0,4790.67,16910.0,5.0
C1021,2,16908.0,4592.95,8454.0,3.5
C2652,3,16899.0,5646.17,5633.0,4.666666666666667
C0944,3,16896.0,4785.14,5632.0,4.333333333333333
C2499,5,16858.5,4762.64,3371.7,4.6
C1594,2,16848.0,5381.31,8424.0,4.0
C1833,2,16785.0,5077.88,8392.5,3.5
C3472,3,16756.5,5251.18,5585.5,4.0
C3113,3,16752.0,6522.0599999999995,5584.0,4.0
C0890,5,16736.5,6352.52,3347.3,4.0
C1402,2,16640.0,6893.62,8320.0,3.5
C2440,1,16640.0,5649.35,16640.0,5.0
C2094,3,16637.0,5065.33,5545.666666666667,4.333333333333333
C0756,4,16627.0,5262.69,4156.75,4.25
C0699,1,16626.0,4934.84,16626.0,4.0
C0533,3,16617.5,6069.790000000001,5539.166666666667,4.666666666666667
C3134,3,16600.0,6444.4,5533.333333333333,4.333333333333333
C0612,3,16594.0,5167.02,5531.333333333333,3.6666666666666665
C2324,1,16587.0,5722.51,16587.0,5.0
C1208,4,16581.0,5468.47,4145.25,4.25
C0656,4,16578.5,5584.4,4144.625,4.5
C2644,2,16571.5,5528.3099999999995,8285.75,4.0
C2250,3,16546.0,6130.7,5515.333333333333,4.333333333333333
C0520,3,16535.0,4380.01,5511.666666666667,3.6666666666666665
C2327,4,16534.5,6438.18,4133.625,4.75
C3258,3,16528.5,5864.62,5509.5,4.666666666666667
C2566,3,16520.0,4638.570000000001,5506.666666666667,4.666666666666667
C0358,2,16519.0,4921.62,8259.5,4.5
C0838,2,16501.5,3753.38,8250.75,4.5
C1561,3,16499.0,6151.37,5499.666666666667,4.0
C1363,2,16492.0,5832.58,8246.0,5.0
C0734,3,16458.0,4538.24,5486.0,4.0
C3357,3,16447.0,6567.32,5482.333333333333,4.333333333333333
C2546,1,16440.0,5206.77,16440.0,4.0
C0938,4,16420.0,5930.24,4105.0,4.25
C1943,2,16401.0,5508.289999999999,8200.5,3.5
C0604,3,16392.0,5530.23,5464.0,4.0
C2323,4,16381.5,4756.55,4095.375,4.5
C3114,3,16377.0,5395.85,5459.0,4.666666666666667
C3210,2,16370.0,5248.120000000001,8185.0,3.5
C1226,2,16360.0,5419.4400000000005,8180.0,4.5
C2177,2,16350.0,6197.6,8175.0,4.0
C0096,2,16341.0,6182.27,8170.5,4.5
C3467,3,16340.0,6770.3099999999995,5446.666666666667,4.0
C1780,2,16308.0,6263.139999999999,8154.0,3.5
C2658,2,16305.0,7210.35,8152.5,4.0
C0832,3,16300.0,6889.339999999999,5433.333333333333,4.666666666666667
C2861,1,16260.0,5527.45,16260.0,3.0
C2352,3,16242.0,5719.9800000000005,5414.0,4.0
C1450,3,16236.0,6031.32,5412.0,3.6666666666666665
C1346,3,16227.0,5806.01,5409.0,3.3333333333333335
C3216,3,16203.0,4809.9400000000005,5401.0,5.0
C3268,1,16188.0,4987.66,16188.0,5.0
C2428,4,16136.0,5899.49,4034.0,4.25
C1369,2,16133.0,5670.379999999999,8066.5,4.5
C1357,2,16125.0,4128.9,8062.5,4.5
C1626,3,16122.5,4776.780000000001,5374.166666666667,4.0
C2464,4,16115.0,5005.360000000001,4028.75,4.25
C0850,3,16114.0,6012.4,5371.333333333333,4.333333333333333
C2186,4,16085.0,4857.53,4021.25,4.0
C3423,1,16080.0,5176.41,16080.0,5.0
C2140,3,16071.0,4611.54,5357.0,4.666666666666667
C3295,2,16022.0,3811.17,8011.0,4.5
C0871,1,16020.0,5507.3,16020.0,5.0
C0344,2,15990.0,4401.96,7995.0,4.5
C1869,3,15973.0,6717.92,5324.333333333333,4.666666666666667
C2092,3,15968.5,5839.96,5322.833333333333,3.6666666666666665
C2420,4,15966.5,5829.950000000001,3991.625,4.5
C0772,2,15932.0,6258.92,7966.0,2.5
C1690,4,15923.0,5162.03,3980.75,4.25
C2906,2,15890.0,3316.09,7945.0,3.0
C0693,4,15867.5,5347.41,3966.875,4.0
C1924,4,15845.5,5231.34,3961.375,4.75
C1134,2,15810.0,3805.78,7905.0,3.5
C2462,1,15768.0,4688.29,15768.0,4.0
C1903,1,15751.0,5255.62,15751.0,5.0
C1654,1,15720.0,5326.97,15720.0,3.0
C2888,2,15700.0,5752.2699999999995,7850.0,5.0
C3302,1,15694.0,5449.35,15694.0,4.0
C1092,3,15688.0,5751.8,5229.333333333333,4.0
C3203,3,15680.5,5338.95,5226.833333333333,5.0
C1777,1,15656.0,5546.51,15656.0,4.0
C2887,3,15644.0,5997.81,5214.666666666667,3.6666666666666665
C3322,2,15640.0,4115.969999999999,7820.0,5.0
C1437,3,15627.5,5309.34,5209.166666666667,4.0
C0143,4,15623.0,5472.0199999999995,3905.75,4.25
C3195,2,15619.0,3965.68,7809.5,5.0
C2329,3,15614.0,6396.679999999999,5204.666666666667,4.0
C0071,3,15592.5,4568.5,5197.5,4.0
C0221,3,15583.5,6126.39,5194.5,4.666666666666667
C1916,3,15520.0,4583.38,5173.333333333333,3.3333333333333335
C0204,2,15513.5,4368.76,7756.75,4.5
C2674,2,15494.5,5731.83,7747.25,4.0
C3089,2,15485.0,4874.78,7742.5,5.0
C1949,2,15463.5,6141.02,7731.75,5.0
C0788,2,15460.0,3662.1099999999997,7730.0,5.0
C2430,3,15459.5,4829.79,5153.166666666667,4.0
C2133,3,15456.0,6395.59,5152.0,5.0
C3129,2,15448.0,4925.710000000001,7724.0,4.5
C0892,4,15427.0,5696.35,3856.75,3.75
C2744,3,15389.5,4808.07,5129.833333333333,3.3333333333333335
C1118,1,15368.0,5938.99,15368.0,4.0
C1394,3,15341.0,5106.3,5113.666666666667,3.3333333333333335
C2090,2,15340.0,6577.139999999999,7670.0,5.0
C1443,4,15334.5,4132.68,3833.625,4.0
C3264,2,15310.0,5664.78,7655.0,4.0
C2995,1,15300.0,5372.19,15300.0,5.0
C2445,2,15300.0,5240.46,7650.0,3.5
C1788,3,15262.0,6239.39,5087.333333333333,5.0
C1796,2,15220.5,5084.43,7610.25,3.5
C2303,2,15209.5,5218.11,7604.75,4.0
C2779,3,15181.0,4260.0599999999995,5060.333333333333,4.0
C3143,2,15180.0,5420.12,7590.0,5.0
C1201,3,15153.0,5074.1,5051.0,5.0
C0741,2,15135.5,4204.99,7567.75,3.0
C0280,2,15130.0,3429.46,7565.0,3.5
C0319,3,15112.5,4510.8,5037.5,4.0
C2058,2,15112.0,4822.2,7556.0,4.0
C0573,5,15090.0,5427.860000000001,3018.0,4.2
C2892,2,15080.0,4263.84,7540.0,4.0
C0645,4,15053.0,4945.66,3763.25,4.25
C2884,2,15011.0,4068.81,7505.5,5.0
C0473,2,14988.0,5156.68,7494.0,5.0
C2711,4,14980.0,4357.68,3745.0,4.25
C0025,3,14972.0,3760.96,4990.666666666667,3.6666666666666665
C2856,1,14958.0,5020.34,14958.0,5.0
C1670,2,14950.0,4135.97,7475.0,5.0
C1855,3,14950.0,5116.92,4983.333333333333,4.0
C0511,2,14946.0,5015.84,7473.0,3.0
C1638,1,14944.0,5543.58,14944.0,5.0
C1386,3,14931.0,5189.26,4977.0,4.333333333333333
C0022,3,14922.5,4845.16,4974.166666666667,2.6666666666666665
C1589,2,14890.0,3767.03,7445.0,4.0
C3292,4,14880.0,3251.1,3720.0,4.0
C2418,3,14875.5,4646.89,4958.5,3.6666666666666665
C0477,2,14847.0,3732.52,7423.5,3.5
C2141,2,14840.0,4023.56,7420.0,3.5
C3491,3,14775.0,5762.63,4925.0,4.666666666666667
C0122,3,14760.5,5654.61,4920.166666666667,4.333333333333333
C1240,2,14744.5,4620.71,7372.25,3.5
C1157,2,14743.5,6652.02,7371.75,4.5
C1424,4,14695.0,4641.6900000000005,3673.75,4.25
C0869,4,14694.0,5360.719999999999,3673.5,3.75
C1072,4,14681.0,5854.32,3670.25,3.75
C2364,3,14667.5,4423.91,4889.166666666667,4.333333333333333
C0395,2,14666.0,5114.57,7333.0,5.0
C2106,2,14649.0,3698.3,7324.5,3.5
C3346,2,14631.5,4714.259999999999,7315.75,4.5
C0517,4,14618.0,5051.91,3654.5,4.25
C0914,3,14618.0,5839.41,4872.666666666667,4.666666666666667
C1709,1,14580.0,3412.29,14580.0,4.0
C0551,4,14547.0,4574.33,3636.75,4.0
C3242,4,14518.0,5052.61,3629.5,4.5
C1817,6,14512.5,4742.6,2418.75,4.166666666666667
C3333,2,14472.0,3713.4,7236.0,3.5
C0394,2,14470.0,3959.04,7235.0,3.5
C0562,3,14438.5,4825.04,4812.833333333333,4.333333333333333
C3079,2,14405.0,4542.36,7202.5,3.5
C0712,2,14404.0,6301.23,7202.0,3.0
C1882,2,14378.0,4021.02,7189.0,4.5
C0862,4,14330.0,4780.62,3582.5,4.5
C0846,1,14314.0,5148.33,14314.0,4.0
C1891,3,14304.0,5543.3,4768.0,4.0
C1757,3,14250.0,4679.6,4750.0,4.666666666666667
C3259,2,14244.0,5226.17,7122.0,4.0
C3363,1,14200.0,5503.49,14200.0,5.0
C3036,1,14184.0,5032.65,14184.0,4.0
C2617,2,14179.0,5142.87,7089.5,4.0
C0725,1,14160.0,2944.52,14160.0,4.0
C0034,2,14159.0,5476.8,7079.5,4.5
C2203,2,14145.5,4421.9400000000005,7072.75,4.0
C2842,3,14127.5,3276.14,4709.166666666667,3.0
C3030,2,14116.0,5132.09,7058.0,4.0
C1233,3,14106.0,4445.44,4702.0,4.666666666666667
C2444,4,14098.0,5336.25,3524.5,3.75
C3305,2,14062.0,3579.66,7031.0,3.0
C2890,2,14062.0,4350.73,7031.0,4.5
C2194,2,14038.0,4093.21,7019.0,3.5
C3045,4,14025.5,4261.33,3506.375,3.5
C2458,3,13977.0,4873.93,4659.0,4.333333333333333
C0659,3,13966.0,5496.15,4655.333333333333,4.666666666666667
C1065,3,13955.0,5307.03,4651.666666666667,5.0
C0586,4,13939.0,4079.8100000000004,3484.75,4.5
C0100,3,13934.0,4517.22,4644.666666666667,4.666666666666667
C2554,2,13927.0,4808.3,6963.5,2.5
C1484,4,13922.5,3297.5,3480.625,4.0
C2699,3,13911.0,4700.03,4637.0,4.666666666666667
C0208,3,13868.0,4769.56,4622.666666666667,3.3333333333333335
C3367,3,13864.0,5850.76,4621.333333333333,4.333333333333333
C1303,3,13863.0,5046.38,4621.0,4.0
C0598,1,13860.0,3839.44,13860.0,4.0
C0332,5,13832.0,5333.91,2766.4,4.2
C1468,3,13820.0,5606.09,4606.666666666667,3.6666666666666665
C3412,2,13819.0,3836.25,6909.5,5.0
C0718,2,13806.0,5118.68,6903.0,4.0
C1387,2,13799.0,4242.299999999999,6899.5,4.5
C1621,1,13794.0,5414.6,13794.0,4.0
C1850,1,13787.0,4264.8,13787.0,4.0
C2619,5,13764.5,4531.5,2752.9,4.4
C3220,1,13756.0,3422.45,13756.0,5.0
C0118,2,13748.0,3756.55,6874.0,4.5
C2703,3,13713.5,5253.52,4571.166666666667,4.333333333333333
C2310,3,13710.0,4103.639999999999,4570.0,3.6666666666666665
C2935,2,13686.0,5396.219999999999,6843.0,5.0
C1601,3,13653.5,4188.91,4551.166666666667,4.666666666666667
C1784,2,13651.5,5121.009999999999,6825.75,4.0
C0740,1,13651.5,4517.17,13651.5,4.0
C1325,3,13650.0,4800.01,4550.0,4.0
C2471,2,13644.0,5979.79,6822.0,3.0
C1545,2,13626.0,4611.22,6813.0,3.5
C3267,4,13555.5,5080.54,3388.875,4.5
C0452,3,13515.5,4394.46,4505.166666666667,3.6666666666666665
C0753,3,13513.5,3903.1800000000003,4504.5,3.3333333333333335
C0162,2,13498.5,4540.4,6749.25,4.0
C0375,2,13492.0,3605.14,6746.0,4.5
C2226,3,13478.0,4275.84,4492.666666666667,3.3333333333333335
C3349,2,13467.0,4086.3500000000004,6733.5,4.0
C0707,3,13440.0,4853.15,4480.0,3.3333333333333335
C1774,2,13440.0,3287.21,6720.0,4.5
C2479,2,13420.0,4253.72,6710.0,5.0
C1410,4,13390.0,3866.61,3347.5,4.75
C3189,1,13380.0,5307.57,13380.0,5.0
C0129,1,13360.0,3540.16,13360.0,5.0
C3486,3,13337.0,4821.27,4445.666666666667,4.333333333333333
C1693,2,13324.0,4921.27,6662.0,4.0
C0508,2,13296.0,4304.47,6648.0,4.5
C0415,3,13261.5,5865.92,4420.5,4.333333333333333
C2493,4,13249.0,4600.42,3312.25,3.75
C1047,3,13224.0,4590.24,4408.0,3.6666666666666665
C2374,1,13216.0,4624.56,13216.0,5.0
C1469,3,13213.0,4090.13,4404.333333333333,4.0
C1334,2,13190.0,3929.66,6595.0,4.5
C1840,3,13181.5,4416.7,4393.833333333333,4.0
C0763,2,13107.0,4181.6900000000005,6553.5,4.5
C0157,4,13104.0,4124.53,3276.0,4.5
C3218,4,13097.0,5198.58,3274.25,4.0
C2136,2,13090.5,4647.46,6545.25,3.5
C0800,2,13089.5,4249.69,6544.75,5.0
C0557,4,13082.0,4878.7699999999995,3270.5,4.25
C0021,3,13068.0,4113.96,4356.0,3.6666666666666665
C2754,2,13066.0,5049.22,6533.0,3.5
C1305,4,13058.5,4394.4,3264.625,3.5
C0806,4,13050.0,3755.94,3262.5,4.25
C0352,1,12980.0,3137.24,12980.0,5.0
C2670,2,12960.5,4352.32,6480.25,4.0
C0615,4,12921.5,4698.72,3230.375,4.0
C0483,1,12920.0,2678.89,12920.0,4.0
C1280,3,12917.0,3953.3199999999997,4305.666666666667,4.0
C0655,4,12901.0,3427.3,3225.25,4.25
C1701,2,12900.0,4877.62,6450.0,4.5
C2346,2,12872.0,3119.37,6436.0,5.0
C1809,3,12845.0,4744.51,4281.666666666667,4.666666666666667
C2604,3,12822.0,4998.6,4274.0,4.333333333333333
C1270,2,12810.5,5191.46,6405.25,5.0
C1121,2,12806.0,4590.969999999999,6403.0,4.5
C2229,3,12783.0,4522.9,4261.0,4.333333333333333
C3131,1,12768.0,5266.14,12768.0,4.0
C1794,3,12759.0,4525.01,4253.0,3.6666666666666665
C1127,3,12756.0,4664.17,4252.0,3.6666666666666665
C0033,3,12752.5,4078.35,4250.833333333333,4.0
C0745,4,12733.0,4664.27,3183.25,4.0
C0461,3,12726.0,4408.27,4242.0,4.0
C3071,2,12726.0,5383.67,6363.0,4.5
C1985,2,12696.0,4042.0600000000004,6348.0,4.0
C0236,2,12682.0,4438.54,6341.0,4.0
C3435,2,12670.0,4174.08,6335.0,4.5
C2639,2,12650.0,4105.07,6325.0,4.0
C0988,3,12640.0,4396.59,4213.333333333333,3.3333333333333335
C2626,4,12595.5,3269.2200000000003,3148.875,4.25
C2263,2,12572.0,4394.139999999999,6286.0,3.5
C3247,2,12570.0,4635.54,6285.0,3.5
C2442,2,12553.0,4797.25,6276.5,4.0
C1281,3,12502.0,4632.33,4167.333333333333,4.0
C2560,2,12464.0,4179.83,6232.0,4.0
C0382,3,12462.5,3281.64,4154.166666666667,4.333333333333333
C3444,3,12461.0,3993.95,4153.666666666667,4.333333333333333
C1299,4,12457.0,2827.69,3114.25,3.75
C1212,2,12437.5,4248.43,6218.75,4.0
C3266,2,12418.5,4430.88,6209.25,4.0
C3379,3,12418.0,3472.7200000000003,4139.333333333333,4.0
C3179,3,12415.0,3970.51,4138.333333333333,4.333333333333333
C3219,2,12412.5,4620.33,6206.25,4.5
C2659,2,12410.5,5049.73,6205.25,4.5
C3303,1,12410.0,2948.68,12410.0,4.0
C1366,2,12370.0,4193.1900000000005,6185.0,4.0
C0575,1,12359.0,2603.45,12359.0,5.0
C2786,1,12312.0,4560.73,12312.0,4.0
C2982,4,12307.0,4712.58,3076.75,3.75
C1318,3,12300.0,4650.58,4100.0,3.6666666666666665
C0581,4,12287.5,4311.54,3071.875,4.25
C0523,3,12256.5,5414.460000000001,4085.5,4.0
C1982,1,12226.5,4219.0,12226.5,4.0
C0051,1,12217.0,4168.3,12217.0,5.0
C1285,2,12167.5,5282.6,6083.75,5.0
C0518,3,12148.0,4168.71,4049.3333333333335,4.666666666666667
C2828,4,12128.5,4439.41,3032.125,4.5
C1132,2,12127.0,4156.25,6063.5,4.0
C2296,2,12123.0,4547.34,6061.5,4.5
C3016,2,12087.0,5054.13,6043.5,4.0
C2718,3,12070.5,3199.27,4023.5,5.0
C3122,2,12060.0,3173.93,6030.0,4.0
C2048,3,12059.0,4241.09,4019.6666666666665,4.0
C3318,2,12032.0,4818.0,6016.0,4.0
C1534,3,12024.0,4506.6900000000005,4008.0,4.0
C0722,2,12010.0,3942.38,6005.0,5.0
C3332,1,12006.0,3398.82,12006.0,5.0
C2120,3,11957.0,3229.17,3985.6666666666665,3.6666666666666665
C1292,2,11930.0,3608.12,5965.0,3.0
C2769,4,11912.5,3591.07,2978.125,3.0
C2576,3,11892.0,3723.12,3964.0,4.0
C3063,3,11869.0,3141.17,3956.3333333333335,4.333333333333333
C1987,1,11826.0,2966.53,11826.0,4.0
C2898,2,11811.0,3561.02,5905.5,5.0
C3338,2,11797.0,3745.3999999999996,5898.5,4.5
C0544,4,11778.5,4505.81,2944.625,3.75
C0982,3,11766.5,4292.58,3922.1666666666665,4.666666666666667
C2797,2,11756.5,3864.56,5878.25,3.5
C0159,3,11750.0,3838.22,3916.6666666666665,4.333333333333333
C2772,3,11745.0,4014.8199999999997,3915.0,4.0
C1676,2,11698.0,3491.86,5849.0,4.0
C2467,3,11697.0,3772.14,3899.0,3.6666666666666665
C0854,2,11688.0,4188.18,5844.0,3.0
C2536,3,11657.0,3515.21,3885.6666666666665,3.6666666666666665
C1652,2,11633.0,3186.1099999999997,5816.5,4.5
C2591,4,11557.0,3644.55,2889.25,4.0
C3205,1,11550.0,3806.75,11550.0,5.0
C3449,1,11550.0,4366.56,11550.0,5.0
C1010,1,11547.0,3572.7,11547.0,5.0
C2366,2,11533.0,3402.0,5766.5,4.0
C2488,1,11520.0,4747.87,11520.0,5.0
C0580,2,11500.5,3607.32,5750.25,4.0
C2030,4,11428.0,2962.3,2857.0,3.5
C1479,2,11421.0,4580.65,5710.5,4.0
C0136,3,11408.0,4027.2,3802.6666666666665,4.0
C1143,2,11400.0,3322.33,5700.0,3.5
C1227,3,11362.5,4104.01,3787.5,3.3333333333333335
C1203,3,11362.0,3667.21,3787.3333333333335,3.3333333333333335
C2857,2,11355.0,4560.18,5677.5,4.5
C2512,2,11352.0,4834.66,5676.0,4.5
C1963,1,11340.0,3929.47,11340.0,5.0
C1022,2,11333.5,2505.5,5666.75,3.0
C0164,1,11286.0,3438.42,11286.0,4.0
C0733,2,11272.0,4171.25,5636.0,4.0
C0384,1,11270.0,3599.96,11270.0,3.0
C1551,3,11269.0,3608.9,3756.3333333333335,4.0
C1343,2,11210.5,4345.150000000001,5605.25,3.0
C0837,2,11202.0,3284.71,5601.0,3.5
C3463,1,11200.5,3973.09,11200.5,4.0
C2655,2,11180.0,3530.94,5590.0,5.0
C1921,2,11178.0,4376.0,5589.0,3.5
C2108,3,11178.0,4223.610000000001,3726.0,4.333333333333333
C1464,2,11166.0,3289.91,5583.0,4.5
C3391,2,11160.0,4224.21,5580.0,3.5
C0238,3,11158.0,3790.0099999999998,3719.3333333333335,3.6666666666666665
C2151,5,11140.5,2977.29,2228.1,3.8
C0153,3,11127.0,2848.49,3709.0,3.6666666666666665
C2017,3,11105.5,4127.9,3701.8333333333335,3.6666666666666665
C2665,4,11082.5,3825.01,2770.625,3.5
C2932,3,11075.0,2786.7,3691.6666666666665,4.333333333333333
C1392,2,11071.0,4390.31,5535.5,3.5
C2756,2,11070.0,3227.1,5535.0,4.0
C3050,2,11052.0,2836.06,5526.0,4.5
C0468,3,11036.5,3414.96,3678.8333333333335,4.0
C2947,2,11020.0,3631.74,5510.0,4.5
C0239,3,11012.0,3525.2,3670.6666666666665,5.0
C2061,3,10964.0,3625.63,3654.6666666666665,4.0
C2105,3,10956.0,4308.19,3652.0,4.666666666666667
C1743,1,10948.0,2439.46,10948.0,4.0
C2383,1,10890.0,3766.74,10890.0,5.0
C2232,2,10868.0,3364.43,5434.0,3.5
C0867,3,10854.0,3950.56,3618.0,4.0
C0987,2,10839.5,4221.46,5419.75,4.0
C3474,3,10829.5,3814.13,3609.8333333333335,4.0
C2511,2,10781.0,4364.64,5390.5,3.0
C0008,2,10773.5,3294.1800000000003,5386.75,4.5
C0250,1,10763.5,3360.6,10763.5,4.0
C0617,2,10728.0,3687.1400000000003,5364.0,3.5
C1290,4,10702.0,4423.61,2675.5,4.0
C0499,3,10697.5,3491.98,3565.8333333333335,4.666666666666667
C1669,2,10680.0,4213.02,5340.0,3.5
C2191,2,10674.0,3908.92,5337.0,3.5
C3155,3,10658.0,2987.93,3552.6666666666665,4.333333333333333
C1360,2,10652.5,3910.78,5326.25,5.0
C3187,2,10629.5,3176.3,5314.75,5.0
C3457,4,10599.0,3150.6,2649.75,4.75
C0121,3,10580.0,3686.8500000000004,3526.6666666666665,4.333333333333333
C1604,2,10565.5,3064.28,5282.75,3.5
C2613,2,10558.0,2703.92,5279.0,3.5
C1599,1,10512.0,3391.16,10512.0,5.0
C3215,2,10512.0,3706.37,5256.0,4.0
C0842,3,10497.0,4435.12,3499.0,4.333333333333333
C3438,2,10490.0,2868.6000000000004,5245.0,3.5
C0585,4,10489.0,3831.7,2622.25,4.25
C2052,4,10448.5,3690.35,2612.125,4.25
C3126,3,10425.5,3195.49,3475.1666666666665,4.666666666666667
C2328,1,10410.0,4231.34,10410.0,3.0
C3468,2,10358.0,3801.26,5179.0,4.5
C3204,2,10327.0,3037.18,5163.5,4.0
C1620,2,10295.5,4159.0,5147.75,3.5
C2368,5,10287.5,3053.47,2057.5,3.6
C1878,2,10272.0,3481.8,5136.0,5.0
C0760,3,10258.0,3215.96,3419.3333333333335,3.3333333333333335
C3144,2,10212.5,2294.6,5106.25,4.0
C0469,2,10210.0,2480.96,5105.0,4.5
C1506,2,10191.5,3375.23,5095.75,3.0
C3382,4,10152.0,2163.15,2538.0,4.25
C3309,3,10150.0,3138.39,3383.3333333333335,3.6666666666666665
C1215,2,10138.5,3944.85,5069.25,4.5
C1923,4,10135.0,4146.3,2533.75,3.75
C2843,2,10128.0,2512.8,5064.0,4.0
C0266,2,10118.0,4113.16,5059.0,5.0
C3146,1,10115.0,3835.98,10115.0,5.0
C2645,1,10115.0,3465.35,10115.0,3.0
C1332,1,10110.0,4193.11,10110.0,5.0
C0519,3,10098.0,3500.7400000000002,3366.0,3.6666666666666665
C2129,2,10090.0,3343.1099999999997,5045.0,5.0
C1745,1,10044.0,4300.75,10044.0,4.0
C3428,2,10040.0,3433.67,5020.0,4.0
C0124,2,10000.0,3227.24,5000.0,4.5
C2497,2,9953.5,4140.34,4976.75,4.5
C2656,2,9953.0,3036.93,4976.5,3.5
C0583,2,9924.5,3677.23,4962.25,3.0
C2804,1,9900.0,2190.63,9900.0,5.0
C1257,2,9877.0,2772.58,4938.5,5.0
C0116,2,9850.0,3927.3,4925.0,5.0
C0446,1,9840.0,3438.96,9840.0,2.0
C2649,3,9832.0,2631.36,3277.3333333333335,4.0
C1881,2,9795.0,3122.94,4897.5,4.5
C0426,4,9793.0,4093.36,2448.25,3.5
C1448,2,9766.0,4040.43,4883.0,3.5
C2798,3,9750.0,3665.16,3250.0,4.333333333333333
C1401,3,9728.0,3989.5600000000004,3242.6666666666665,4.0
C2427,2,9723.5,3569.91,4861.75,5.0
C2740,3,9713.5,2620.17,3237.8333333333335,4.666666666666667
C0088,2,9710.0,3250.12,4855.0,4.0
C0431,2,9703.0,3198.33,4851.5,3.0
C2749,1,9690.0,2948.86,9690.0,5.0
C2370,3,9688.5,4004.22,3229.5,4.333333333333333
C0525,2,9634.5,2770.12,4817.25,5.0
C1016,1,9622.0,3120.69,9622.0,4.0
C2989,2,9600.0,3186.09,4800.0,4.0
C3078,2,9594.0,3200.0600000000004,4797.0,4.5
C0299,3,9563.5,2053.66,3187.8333333333335,4.0
C0152,3,9544.5,2774.01,3181.5,3.0
C1533,1,9540.0,3448.87,9540.0,5.0
C0532,2,9534.0,3704.74,4767.0,4.5
C3106,2,9500.0,3700.0,4750.0,2.5
C0808,1,9420.0,3801.43,9420.0,4.0
C0437,3,9418.0,2967.58,3139.3333333333335,5.0
C1981,2,9396.0,3570.28,4698.0,5.0
C2622,2,9393.5,2582.81,4696.75,4.5
C0493,2,9369.0,2887.54,4684.5,4.5
C2049,3,9329.5,3015.5299999999997,3109.8333333333335,4.666666666666667
C1115,2,9324.0,2572.83,4662.0,4.5
C0323,3,9314.0,2364.9700000000003,3104.6666666666665,4.0
C0487,4,9311.5,3124.74,2327.875,4.25
C2600,2,9306.0,2375.3,4653.0,5.0
C1890,2,9302.0,3378.33,4651.0,4.0
C1867,2,9276.0,2080.98,4638.0,3.5
C3206,1,9260.0,3187.82,9260.0,3.0
C2045,3,9237.0,3102.2,3079.0,4.0
C1440,2,9210.0,2608.95,4605.0,4.0
C2939,2,9203.5,3207.84,4601.75,4.0
C3439,2,9138.0,3206.1400000000003,4569.0,4.0
C1998,2,9134.0,3066.24,4567.0,4.0
C3077,2,9067.5,2893.47,4533.75,3.5
C1650,2,9047.0,3574.55,4523.5,3.5
C2313,1,9040.0,3160.47,9040.0,3.0
C3455,2,9034.0,2799.76,4517.0,3.5
C1827,3,8999.5,3651.34,2999.8333333333335,4.333333333333333
C3485,1,8991.0,2169.66,8991.0,3.0
C3246,4,8957.0,2289.8500000000004,2239.25,4.25
C1140,3,8955.0,2633.14,2985.0,3.6666666666666665
C0774,2,8952.0,3435.46,4476.0,5.0
C1106,2,8944.0,2327.23,4472.0,3.5
C3165,1,8930.0,2611.79,8930.0,4.0
C1119,2,8922.0,2418.53,4461.0,4.0
C1984,1,8910.0,2964.06,8910.0,5.0
C1162,1,8904.0,2892.98,8904.0,4.0
C3192,3,8874.0,3049.8900000000003,2958.0,4.0
C1058,2,8855.5,3276.7,4427.75,4.0
C0194,2,8816.0,2146.94,4408.0,4.0
C3348,4,8794.5,2570.1,2198.625,4.5
C3308,1,8780.0,3358.87,8780.0,4.0
C2952,2,8771.0,3597.15,4385.5,4.0
C3377,3,8739.0,2958.61,2913.0,3.3333333333333335
C2953,2,8722.5,3389.4,4361.25,3.0
C1889,1,8692.5,3556.81,8692.5,4.0
C1756,3,8686.0,2437.81,2895.3333333333335,4.333333333333333
C0444,2,8676.0,3010.59,4338.0,3.5
C0621,1,8673.5,2681.37,8673.5,3.0
C1606,2,8664.0,3073.56,4332.0,4.0
C0106,2,8660.0,1884.5700000000002,4330.0,4.5
C3447,2,8650.0,2620.4700000000003,4325.0,4.5
C3284,2,8649.0,2349.05,4324.5,4.5
C2902,2,8633.0,3698.43,4316.5,4.5
C3157,2,8599.0,2960.33,4299.5,3.5
C1490,1,8588.0,2553.61,8588.0,5.0
C2781,1,8586.0,3454.63,8586.0,5.0
C2553,2,8582.5,2758.23,4291.25,4.0
C0947,3,8572.5,1844.33,2857.5,4.0
C2879,4,8565.5,2434.55,2141.375,3.0
C1848,2,8563.0,3249.69,4281.5,5.0
C2197,3,8539.0,2503.07,2846.3333333333335,4.333333333333333
C1110,4,8520.5,2603.02,2130.125,3.75
C2896,2,8518.5,2835.6,4259.25,4.0
C2971,2,8513.0,3217.7599999999998,4256.5,4.0
C1397,3,8487.0,2865.0,2829.0,4.666666666666667
C3495,2,8452.0,3488.27,4226.0,4.5
C0343,1,8450.0,2586.14,8450.0,5.0
C0945,1,8436.0,3393.16,8436.0,4.0
C1116,3,8430.0,2140.79,2810.0,4.333333333333333
C1329,1,8406.5,2573.69,8406.5,5.0
C3249,3,8401.0,2221.92,2800.3333333333335,4.333333333333333
C3080,5,8400.0,2239.63,1680.0,4.0
C3410,1,8400.0,2967.5,8400.0,3.0
C0408,2,8394.0,2931.3599999999997,4197.0,5.0
C0484,3,8381.5,2883.8999999999996,2793.8333333333335,5.0
C1129,4,8365.0,2544.85,2091.25,4.75
C1590,2,8343.0,3468.4,4171.5,3.5
C3100,2,8334.0,3212.4700000000003,4167.0,4.5
C2228,1,8328.0,2010.67,8328.0,3.0
C0843,1,8280.0,2929.86,8280.0,4.0
C2121,1,8265.0,3283.25,8265.0,4.0
C2367,1,8265.0,2920.15,8265.0,4.0
C0779,2,8258.0,1845.0,4129.0,4.0
C2239,1,8250.0,2615.35,8250.0,4.0
C1732,3,8201.0,2933.95,2733.6666666666665,4.666666666666667
C1946,3,8198.5,2538.65,2732.8333333333335,4.0
C1698,3,8198.0,2548.11,2732.6666666666665,3.6666666666666665
C3325,2,8182.5,1997.55,4091.25,4.5
C0864,1,8170.0,2881.04,8170.0,2.0
C0835,2,8165.5,3118.25,4082.75,3.5
C0812,1,8151.0,3514.51,8151.0,4.0
C3005,2,8130.0,2712.48,4065.0,5.0
C0245,2,8094.0,1835.1799999999998,4047.0,3.0
C0155,1,8094.0,2750.65,8094.0,3.0
C0766,3,8076.0,2837.52,2692.0,3.6666666666666665
C0768,2,8072.0,2779.24,4036.0,3.5
C1813,2,8071.5,1747.05,4035.75,5.0
C0904,2,8065.5,2947.04,4032.75,5.0
C0061,3,8063.5,2759.5499999999997,2687.8333333333335,4.333333333333333
C0600,3,8038.0,2898.71,2679.3333333333335,4.333333333333333
C1136,1,8007.0,3008.74,8007.0,5.0
C3073,2,7956.0,3052.2999999999997,3978.0,4.0
C2107,1,7920.0,3191.4,7920.0,4.0
C3004,2,7918.0,3179.62,3959.0,4.5
C2705,1,7905.0,2630.7,7905.0,5.0
C0385,2,7895.0,2864.5,3947.5,5.0
C1898,2,7848.0,2800.52,3924.0,5.0
C2330,2,7846.0,2847.6,3923.0,4.0
C2838,2,7821.0,2168.08,3910.5,4.0
C3149,2,7802.0,3021.92,3901.0,4.0
C2634,1,7794.0,2666.27,7794.0,4.0
C0303,2,7793.0,3241.3,3896.5,4.5
C2638,2,7790.0,2772.09,3895.0,3.0
C0833,2,7781.5,2902.26,3890.75,4.5
C3044,4,7781.5,3007.44,1945.375,3.75
C2469,1,7771.0,2991.78,7771.0,5.0
C1000,2,7762.0,2114.21,3881.0,4.0
C0283,1,7760.0,2910.54,7760.0,3.0
C0637,2,7752.0,2863.0499999999997,3876.0,3.0
C0222,2,7742.5,1872.5900000000001,3871.25,3.5
C1038,2,7731.0,2500.8999999999996,3865.5,4.0
C1336,1,7731.0,2272.12,7731.0,4.0
C3419,3,7714.5,2454.1800000000003,2571.5,4.666666666666667
C2472,4,7700.5,1726.96,1925.125,4.25
C3009,2,7676.0,2130.87,3838.0,4.5
C2336,2,7673.5,2757.24,3836.75,4.5
C2398,2,7635.5,2712.09,3817.75,4.5
C1849,3,7582.0,1631.23,2527.3333333333335,4.666666666666667
C3406,2,7579.5,2952.66,3789.75,4.0
C1324,1,7560.0,2890.76,7560.0,4.0
C2384,2,7530.0,2981.8599999999997,3765.0,5.0
C3017,2,7524.0,2665.03,3762.0,4.5
C1411,1,7520.0,2125.8,7520.0,2.0
C3469,3,7511.0,1664.8000000000002,2503.6666666666665,3.0
C3260,2,7495.0,2696.8199999999997,3747.5,4.0
C0069,1,7488.0,2907.01,7488.0,5.0
C0876,1,7470.0,2185.51,7470.0,4.0
C3212,3,7461.0,2389.62,2487.0,3.6666666666666665
C2761,2,7394.0,2012.5500000000002,3697.0,3.5
C1023,1,7380.0,2333.22,7380.0,4.0
C1944,2,7330.0,2495.19,3665.0,4.5
C0081,3,7327.5,2811.77,2442.5,4.666666666666667
C3296,2,7307.0,2710.85,3653.5,4.5
C2919,1,7296.0,2284.64,7296.0,3.0
C2678,1,7258.0,1588.6,7258.0,5.0
C2820,2,7245.0,2812.26,3622.5,3.5
C1747,2,7225.0,2763.0699999999997,3612.5,4.5
C0514,1,7210.5,2944.57,7210.5,4.0
C3359,1,7182.5,2946.87,7182.5,5.0
C1514,1,7152.0,2413.61,7152.0,5.0
C3180,3,7149.5,2456.39,2383.1666666666665,4.0
C3173,4,7106.0,2670.7799999999997,1776.5,4.25
C1154,1,7104.0,2440.73,7104.0,5.0
C0190,2,7071.5,2107.34,3535.75,3.0
C2070,2,7060.0,1748.1,3530.0,3.5
C0462,2,7001.5,2408.38,3500.75,4.5
C3398,2,6990.0,2727.62,3495.0,4.0
C1247,2,6981.0,2327.4,3490.5,3.5
C1417,2,6970.0,2061.39,3485.0,3.0
C2946,2,6946.0,2250.02,3473.0,4.5
C0097,1,6930.0,1626.73,6930.0,5.0
C0063,2,6920.0,2026.77,3460.0,3.0
C1345,2,6908.0,2221.6099999999997,3454.0,4.5
C2166,1,6906.5,1854.69,6906.5,4.0
C2416,2,6906.5,2609.27,3453.25,5.0
C1267,2,6900.0,1832.0300000000002,3450.0,4.0
C2526,1,6897.0,2872.16,6897.0,3.0
C0132,3,6883.5,2080.13,2294.5,4.0
C2182,2,6865.5,2795.85,3432.75,5.0
C1980,1,6859.0,1670.75,6859.0,5.0
C2435,2,6858.0,1464.54,3429.0,3.0
C1598,1,6840.0,2469.11,6840.0,5.0
C2558,1,6821.0,1873.57,6821.0,4.0
C2244,2,6814.0,2645.37,3407.0,4.0
C3291,1,6810.0,2833.74,6810.0,4.0
C0930,5,6807.0,1661.05,1361.4,4.2
C3261,2,6790.0,2049.39,3395.0,5.0
C0460,1,6780.0,1545.78,6780.0,5.0
C2959,1,6759.0,1461.48,6759.0,5.0
C0778,3,6753.5,2191.12,2251.1666666666665,3.6666666666666665
C2495,2,6741.0,2790.77,3370.5,4.5
C0391,2,6740.0,2215.61,3370.0,3.5
C1356,1,6732.0,2977.45,6732.0,5.0
C0480,2,6732.0,2252.71,3366.0,4.5
C2417,1,6726.0,2700.49,6726.0,5.0
C0997,1,6696.0,1480.16,6696.0,5.0
C1892,3,6674.5,2081.7000000000003,2224.8333333333335,3.3333333333333335
C0967,1,6669.0,1722.89,6669.0,4.0
C2603,2,6638.0,1798.04,3319.0,4.5
C0055,2,6615.0,2301.71,3307.5,5.0
C1996,1,6597.0,1353.72,6597.0,4.0
C0996,1,6580.0,2465.43,6580.0,5.0
C0526,3,6574.0,1485.04,2191.3333333333335,4.0
C3414,1,6540.0,1590.09,6540.0,4.0
C0688,1,6540.0,1828.62,6540.0,3.0
C1156,2,6530.0,1507.4299999999998,3265.0,3.5
C3326,3,6518.0,2026.42,2172.6666666666665,3.3333333333333335
C1649,2,6508.0,2438.73,3254.0,4.0
C2667,2,6496.0,2535.3,3248.0,4.5
C2669,2,6483.0,2351.24,3241.5,4.5
C1027,3,6467.0,1813.81,2155.6666666666665,4.333333333333333
C2741,1,6451.5,2808.62,6451.5,4.0
C1919,2,6441.0,1972.62,3220.5,3.5
C0826,2,6432.5,1980.5700000000002,3216.25,4.0
C1846,2,6403.0,2032.29,3201.5,4.0
C2153,2,6392.0,2637.6,3196.0,4.5
C0606,1,6384.0,1514.9,6384.0,4.0
C1857,1,6370.0,1447.83,6370.0,2.0
C2605,1,6332.5,1696.44,6332.5,3.0
C1906,1,6327.0,1474.46,6327.0,5.0
C0138,2,6319.5,1501.33,3159.75,3.5
C2446,3,6301.5,1803.44,2100.5,3.0
C1396,1,6282.0,2603.72,6282.0,4.0
C2400,2,6218.0,2318.02,3109.0,3.5
C0738,2,6196.0,2276.19,3098.0,3.5
C3290,1,6184.5,2276.63,6184.5,4.0
C2945,1,6179.5,1736.64,6179.5,4.0
C1696,1,6174.0,2794.22,6174.0,4.0
C1493,2,6168.0,1264.1100000000001,3084.0,4.0
C1485,4,6162.0,1909.99,1540.5,4.5
C1073,1,6156.0,2627.47,6156.0,4.0
C0735,3,6149.0,1698.98,2049.6666666666665,4.0
C0351,3,6072.0,2144.74,2024.0,4.333333333333333
C2006,1,6052.0,1577.67,6052.0,4.0
C0340,2,6018.0,1489.58,3009.0,4.5
C2780,2,5985.0,2198.17,2992.5,4.5
C1755,2,5971.0,2236.9,2985.5,4.0
C2885,1,5940.0,2312.17,5940.0,3.0
C0601,1,5920.0,2611.57,5920.0,5.0
C1776,1,5910.0,2622.03,5910.0,4.0
C3046,2,5884.0,2324.71,2942.0,4.5
C1714,1,5822.5,1260.77,5822.5,5.0
C1098,1,5814.0,2173.44,5814.0,4.0
C1002,2,5810.0,2382.74,2905.0,3.5
C0934,2,5770.0,2032.54,2885.0,4.5
C1472,2,5713.0,1968.97,2856.5,4.0
C2025,1,5712.0,2280.54,5712.0,5.0
C0559,1,5706.0,1231.36,5706.0,5.0
C1587,2,5682.0,1737.89,2841.0,4.5
C0747,2,5655.0,1939.14,2827.5,4.0
C1391,2,5636.0,1799.59,2818.0,4.0
C0588,3,5608.0,2058.6,1869.3333333333333,4.333333333333333
C2433,2,5596.0,2165.95,2798.0,4.0
C3368,2,5568.0,2243.1499999999996,2784.0,4.5
C2625,2,5550.0,1794.63,2775.0,4.0
C3208,2,5532.5,1953.8700000000001,2766.25,4.0
C2248,2,5481.0,1989.06,2740.5,4.5
C2065,3,5477.0,1238.21,1825.6666666666667,3.0
C1405,1,5454.0,2427.35,5454.0,4.0
C2966,1,5453.0,2446.03,5453.0,5.0
C0490,1,5443.5,2238.05,5443.5,5.0
C2099,3,5406.0,1207.55,1802.0,4.0
C3062,2,5400.0,2241.84,2700.0,4.0
C3476,2,5382.0,1178.42,2691.0,3.0
C2551,3,5348.0,1685.14,1782.6666666666667,4.0
C3280,2,5333.0,1970.1,2666.5,3.5
C0165,1,5329.5,2212.21,5329.5,4.0
C3137,3,5306.0,2078.42,1768.6666666666667,3.3333333333333335
C2211,2,5290.0,2177.38,2645.0,5.0
C2523,3,5241.0,1669.75,1747.0,5.0
C1462,3,5238.5,1454.74,1746.1666666666667,4.333333333333333
C2316,2,5224.0,1515.99,2612.0,2.5
C3451,2,5220.0,1614.4,2610.0,4.0
C1049,2,5170.0,1032.08,2585.0,3.0
C0249,2,5144.0,1611.21,2572.0,3.5
C3128,2,5132.0,1969.83,2566.0,3.5
C1841,2,5130.0,1746.6799999999998,2565.0,4.5
C0284,2,5113.0,1986.96,2556.5,4.5
C2406,3,5091.0,1994.65,1697.0,3.6666666666666665
C2311,1,5080.0,2021.74,5080.0,4.0
C1660,2,5074.5,1930.57,2537.25,4.5
C2236,1,5040.0,1066.06,5040.0,3.0
C3440,2,4966.5,1888.2800000000002,2483.25,4.0
C2629,2,4954.0,1948.01,2477.0,4.0
C0349,2,4936.5,1748.73,2468.25,5.0
C0193,3,4931.0,1257.79,1643.6666666666667,4.666666666666667
C0651,2,4900.0,1724.7800000000002,2450.0,4.5
C0547,2,4898.0,1688.1,2449.0,4.5
C2064,1,4890.0,1710.93,4890.0,3.0
C0297,1,4880.0,2003.06,4880.0,3.0
C2537,1,4848.0,1942.14,4848.0,5.0
C0554,2,4842.0,1612.8100000000002,2421.0,5.0
C0616,2,4827.5,1525.55,2413.75,4.5
C3154,2,4824.0,1998.59,2412.0,2.5
C1153,2,4800.0,1833.0,2400.0,3.0
C1694,2,4786.0,1175.8200000000002,2393.0,3.5
C1407,2,4780.0,1100.37,2390.0,3.5
C2760,2,4773.0,1765.55,2386.5,4.0
C2688,2,4736.5,1187.69,2368.25,3.5
C2292,3,4695.0,1564.99,1565.0,4.666666666666667
C0849,1,4683.5,1621.53,4683.5,3.0
C2826,2,4665.0,1134.05,2332.5,4.0
C1284,1,4664.5,1932.85,4664.5,4.0
C1917,1,4626.5,1706.59,4626.5,4.0
C1915,2,4590.0,1779.3600000000001,2295.0,4.5
C0167,2,4576.0,1781.03,2288.0,4.0
C0757,1,4493.5,1396.07,4493.5,4.0
C0504,1,4471.0,1983.28,4471.0,5.0
C1037,1,4419.0,1332.19,4419.0,5.0
C2222,2,4411.5,1581.31,2205.75,3.5
C0705,2,4376.5,1706.08,2188.25,4.0
C3103,2,4371.5,897.03,2185.75,4.5
C0198,2,4347.5,1860.58,2173.75,4.5
C2007,3,4335.5,1315.69,1445.1666666666667,4.0
C1969,1,4284.0,939.15,4284.0,4.0
C1298,1,4266.0,1659.13,4266.0,4.0
C0817,1,4260.0,1641.2,4260.0,4.0
C2750,1,4257.0,1504.24,4257.0,5.0
C0921,1,4248.0,1716.28,4248.0,5.0
C1478,1,4230.0,1749.08,4230.0,4.0
C0398,1,4218.0,1658.21,4218.0,3.0
C0422,2,4176.5,1002.6500000000001,2088.25,4.0
C2116,1,4170.0,1455.61,4170.0,4.0
C1062,1,4140.0,1384.61,4140.0,4.0
C0691,1,4122.0,1666.72,4122.0,4.0
C3388,1,4122.0,1869.86,4122.0,5.0
C0730,1,4075.5,1629.36,4075.5,4.0
C2643,1,4066.0,1513.43,4066.0,4.0
C2858,2,4058.0,1263.0,2029.0,4.5
C0696,1,4046.0,1282.28,4046.0,4.0
C2029,1,4046.0,1529.0,4046.0,4.0
C3018,2,4015.0,1503.43,2007.5,5.0
C0678,2,4008.0,1248.79,2004.0,4.5
C3452,2,3960.0,1544.89,1980.0,4.0
C0653,2,3960.0,1483.8600000000001,1980.0,4.0
C2486,1,3951.0,1374.64,3951.0,5.0
C1829,1,3906.0,1624.12,3906.0,5.0
C2505,2,3830.0,940.45,1915.0,3.0
C3177,1,3770.0,929.01,3770.0,5.0
C0905,1,3744.0,1543.98,3744.0,5.0
C1880,1,3740.0,769.62,3740.0,5.0
C3399,1,3726.0,1114.2,3726.0,3.0
C1574,1,3720.0,1444.18,3720.0,4.0
C3304,1,3708.0,1306.67,3708.0,2.0
C2963,3,3705.0,1439.13,1235.0,5.0
C2490,1,3696.0,1513.13,3696.0,4.0
C1580,2,3663.0,1534.6799999999998,1831.5,3.0
C2262,1,3654.0,1520.52,3654.0,4.0
C2827,1,3646.5,1497.48,3646.5,4.0
C0877,1,3629.0,912.35,3629.0,4.0
C2787,1,3621.0,1389.65,3621.0,3.0
C2011,1,3616.0,1390.2,3616.0,4.0
C1765,1,3587.0,1142.11,3587.0,5.0
C0393,1,3584.0,1552.89,3584.0,4.0
C2812,1,3570.0,902.64,3570.0,4.0
C2195,1,3546.0,1397.59,3546.0,4.0
C0860,2,3544.0,1533.63,1772.0,4.5
C0286,1,3528.0,790.72,3528.0,4.0
C0290,1,3520.0,1400.56,3520.0,4.0
C1294,1,3490.0,728.72,3490.0,5.0
C1352,1,3477.0,757.0,3477.0,5.0
C0389,1,3467.5,1282.34,3467.5,3.0
C1024,1,3380.0,773.17,3380.0,4.0
C0046,1,3372.5,1258.78,3372.5,4.0
C1086,1,3370.0,723.04,3370.0,3.0
C0474,1,3360.0,777.61,3360.0,5.0
C2871,1,3360.0,1395.71,3360.0,3.0
C1771,1,3360.0,1212.91,3360.0,5.0
C2413,2,3345.0,916.95,1672.5,5.0
C1581,2,3320.0,726.46,1660.0,4.0
C0079,1,3300.0,687.15,3300.0,4.0
C2218,1,3300.0,837.45,3300.0,5.0
C1989,1,3280.0,913.26,3280.0,4.0
C2877,1,3250.0,852.53,3250.0,5.0
C2146,1,3240.0,1295.78,3240.0,2.0
C2227,1,3230.0,1335.1,3230.0,3.0
C2651,2,3220.0,1070.37,1610.0,4.5
C2662,2,3198.0,784.4300000000001,1599.0,5.0
C0150,1,3182.5,799.71,3182.5,5.0
C1738,2,3182.5,1047.69,1591.25,3.5
C0541,1,3180.0,784.74,3180.0,5.0
C2269,2,3176.0,809.48,1588.0,4.0
C2835,1,3173.0,778.44,3173.0,3.0
C0023,2,3168.0,1104.15,1584.0,4.5
C2466,1,3153.5,650.44,3153.5,5.0
C1131,1,3145.0,642.49,3145.0,4.0
C2272,1,3125.5,1275.16,3125.5,4.0
C1383,2,3112.0,1074.77,1556.0,3.5
C2993,2,3084.5,1163.25,1542.25,4.0
C2841,1,3078.0,671.28,3078.0,4.0
C2304,1,3042.0,1332.15,3042.0,5.0
C1457,1,3040.0,1357.88,3040.0,5.0
C1819,3,3001.0,968.94,1000.3333333333334,4.0
C1264,1,2997.0,746.31,2997.0,5.0
C3176,1,2975.0,753.83,2975.0,5.0
C0435,1,2958.0,1149.94,2958.0,4.0
C1104,1,2907.0,1147.95,2907.0,3.0
C2270,2,2861.5,948.39,1430.75,4.5
C1160,2,2856.0,1051.26,1428.0,4.0
C1019,2,2843.0,1118.53,1421.5,4.0
C2240,1,2812.0,1161.43,2812.0,2.0
C2298,2,2804.0,1093.53,1402.0,4.0
C0099,1,2800.0,1078.75,2800.0,5.0
C0776,1,2790.0,1251.42,2790.0,4.0
C0378,1,2780.0,1228.85,2780.0,5.0
C3235,1,2774.0,1129.0,2774.0,5.0
C0907,1,2772.0,1257.58,2772.0,3.0
C0625,1,2754.0,755.22,2754.0,5.0
C0066,1,2736.0,1220.92,2736.0,5.0
C3012,1,2736.0,622.19,2736.0,2.0
C1262,1,2720.0,501.77,2720.0,4.0
C2845,1,2688.0,991.44,2688.0,5.0
C2253,2,2681.5,656.99,1340.75,4.5
C1742,1,2679.0,575.62,2679.0,4.0
C0736,2,2665.5,898.38,1332.75,4.5
C2297,2,2652.5,915.85,1326.25,5.0
C3136,1,2630.0,1149.91,2630.0,4.0
C3158,2,2603.0,900.36,1301.5,3.5
C0324,1,2560.0,1040.23,2560.0,2.0
C1610,1,2490.0,645.07,2490.0,5.0
C2509,1,2484.0,477.9,2484.0,5.0
C3049,1,2484.0,528.38,2484.0,5.0
C0995,1,2479.5,593.06,2479.5,5.0
C1275,1,2460.5,1007.22,2460.5,3.0
C1896,1,2460.5,1041.12,2460.5,5.0
C0317,2,2445.5,870.4,1222.75,3.5
C0282,1,2422.5,1072.19,2422.5,5.0
C2122,1,2376.0,605.99,2376.0,5.0
C2767,2,2369.0,488.74,1184.5,4.5
C0057,1,2356.0,438.08,2356.0,5.0
C1733,2,2304.0,457.58,1152.0,3.0
C0019,1,2280.0,465.31,2280.0,4.0
C2648,2,2254.0,471.3,1127.0,4.0
C2529,2,2225.5,788.0799999999999,1112.75,4.0
C2834,2,2218.0,473.82000000000005,1109.0,4.5
C0475,1,2204.0,917.04,2204.0,5.0
C2719,1,2204.0,874.92,2204.0,5.0
C1236,1,2194.5,483.06,2194.5,4.0
C0397,2,2193.5,754.42,1096.75,4.0
C1702,1,2190.0,895.56,2190.0,2.0
C2293,1,2190.0,791.33,2190.0,4.0
C0183,1,2166.0,480.03,2166.0,3.0
C0979,1,2166.0,498.9,2166.0,4.0
C3086,1,2160.0,501.13,2160.0,2.0
C0682,1,2130.0,844.27,2130.0,4.0
C2452,2,2079.0,419.56,1039.5,4.0
C1787,1,2070.0,515.77,2070.0,5.0
C0542,2,2070.0,387.48,1035.0,4.5
C0780,1,2014.5,861.83,2014.5,3.0
C1546,1,1992.0,868.07,1992.0,5.0
C0977,1,1960.0,432.81,1960.0,5.0
C1708,1,1940.0,768.54,1940.0,5.0
C1703,2,1930.0,446.13,965.0,5.0
C0210,2,1906.0,409.84,953.0,3.0
C1499,1,1904.0,686.84,1904.0,5.0
C1577,1,1900.0,477.54,1900.0,4.0
C0839,1,1881.0,404.37,1881.0,2.0
C3124,1,1880.0,681.32,1880.0,4.0
C1101,1,1863.0,769.67,1863.0,4.0
C2179,2,1849.5,415.31,924.75,4.5
C0569,1,1845.0,707.61,1845.0,5.0
C1831,1,1843.0,386.06,1843.0,4.0
C1713,1,1814.5,650.42,1814.5,4.0
C0858,1,1810.5,339.75,1810.5,4.0
C1409,1,1770.0,453.3,1770.0,4.0
C3072,1,1738.5,452.0,1738.5,4.0
C0458,1,1710.0,388.4,1710.0,5.0
C0579,1,1700.0,351.53,1700.0,5.0
C1026,1,1700.0,598.06,1700.0,5.0
C0425,1,1666.0,640.27,1666.0,3.0
C2016,1,1656.0,358.0,1656.0,3.0
C0679,1,1656.0,429.78,1656.0,5.0
C2281,1,1656.0,648.43,1656.0,3.0
C3193,1,1650.0,603.85,1650.0,5.0
C0739,1,1649.0,377.82,1649.0,5.0
C0017,1,1577.0,652.9,1577.0,5.0
C3436,1,1555.5,643.5,1555.5,3.0
C2274,1,1530.0,284.57,1530.0,4.0
C2235,1,1485.0,654.03,1485.0,4.0
C2242,1,1460.0,324.48,1460.0,3.0
C0436,1,1460.0,376.06,1460.0,5.0
C1697,1,1444.0,375.17,1444.0,2.0
C3300,1,1425.0,325.4,1425.0,5.0
C2318,1,1387.0,273.71,1387.0,5.0
C1276,1,1350.0,309.64,1350.0,5.0
C1242,1,1320.0,322.22,1320.0,4.0
C1446,1,1320.0,325.01,1320.0,5.0
C0689,1,1314.0,310.31,1314.0,4.0
C0941,1,1224.0,309.01,1224.0,4.0
C2803,1,1216.0,255.32,1216.0,5.0
C0058,2,1214.0,295.68,607.0,4.5
C1961,1,1207.0,318.31,1207.0,4.0
C0765,2,1203.5,258.01,601.75,4.5
C3121,1,1197.0,297.72,1197.0,4.0
C1874,1,1179.0,264.37,1179.0,4.0
C2285,2,1162.0,233.75,581.0,3.0
C2751,1,1130.5,277.38,1130.5,4.0
C2790,1,1122.0,249.75,1122.0,5.0
C0790,1,1111.5,273.4,1111.5,5.0
C1853,1,1107.0,201.3,1107.0,5.0
C2531,1,1098.0,206.71,1098.0,3.0
C0618,1,1062.5,194.62,1062.5,5.0
C0728,1,1054.0,218.11,1054.0,3.0
C0939,1,1045.5,277.08,1045.5,4.0
C1668,1,970.0,214.91,970.0,4.0
C2008,1,968.0,206.23,968.0,5.0
C1758,1,960.0,184.1,960.0,3.0
C1384,1,935.0,195.95,935.0,5.0
C2204,1,931.0,210.66,931.0,5.0
C0923,1,920.0,237.12,920.0,4.0
C0515,1,912.0,184.73,912.0,5.0
C2700,1,826.5,190.12,826.5,4.0
C0797,1,820.0,180.07,820.0,5.0
C2502,1,816.0,210.12,816.0,5.0
C2698,1,769.5,150.13,769.5,5.0
C2354,1,731.5,147.9,731.5,5.0
C1452,1,722.0,144.26,722.0,4.0
C0686,1,722.0,165.09,722.0,2.0
C1497,1,710.0,137.13,710.0,4.0
C2814,1,693.5,137.53,693.5,4.0
C3425,1,674.5,171.96,674.5,4.0
C0146,1,670.0,123.28,670.0,5.0
C1426,1,665.0,146.15,665.0,4.0
C0752,1,657.0,173.29,657.0,5.0
C0256,1,650.0,146.87,650.0,5.0
C0015,1,640.0,139.49,640.0,4.0
C1800,1,640.0,160.0,640.0,4.0
C0044,1,627.0,144.7,627.0,4.0
C0197,1,612.0,117.75,612.0,4.0
C1444,1,585.0,149.17,585.0,4.0
C1470,1,552.0,119.69,552.0,4.0
C2353,1,535.5,96.98,535.5,4.0
